action_id,filed_date,company_raw,company_canonical_id,product_family,harm_summary,harm_keywords,conduct_start,source_url,usable,exclusion_reason,resolution_method
transunion-interactive-inc-transunion-llc-and-transunion,2017-01-03,"TransUnion Interactive, Inc., TransUnion, LLC, and TransUnion",transunion-intermediate,,"The Consumer Financial Protection Bureau (CFPB) took action against TransUnion and its subsidiaries for deceiving consumers about the usefulness and actual cost of credit scores they sold to consumers, and for luring consumers into costly recurring payments for credit products. The CFPB ordered TransUnion to truthfully represent the value of the credit scores they provide, and the cost of obtaining those credit scores and other services. TransUnion must pay more than $13.9 million in restitution to consumers, and fines totaling $3 million to the CFPB. Stipulation and Consent to Second Modification of the Consent Order CFPB Orders TransUnion and Equifax to Pay for Deceiving Consumers in Marketing Credit Scores and Credit Products",,,https://www.consumerfinance.gov/enforcement/actions/transunion-interactive-inc-transunion-llc-and-transunion/,true,,unique-prefix
equifax-inc-and-equifax-consumer-services-llc,2017-01-03,Equifax Inc. and Equifax Consumer Services LLC,equifax,,"The Consumer Financial Protection Bureau (CFPB) took action against Equifax, Inc. and its subsidiary for deceiving consumers about the usefulness and actual cost of credit scores they sold to consumers, and for luring consumers into costly recurring payments for credit products. The CFPB ordered Equifax to truthfully represent the value of the credit scores they provide, and the cost of obtaining those credit scores and other services. Equifax must pay more than $3.8 million in restitution to consumers, and fines totaling $2.5 million to the CFPB. CFPB Orders TransUnion and Equifax to Pay for Deceiving Consumers in Marketing Credit Scores and Credit Products",,,https://www.consumerfinance.gov/enforcement/actions/equifax-inc-and-equifax-consumer-services-llc/,true,,exact
works-lentz-inc,2017-01-09,"Works &amp; Lentz, Inc.; Works &amp; Lentz of Tulsa, Inc., and Harry A. Lentz, Jr.",,,The CFPB is taking action against two medical debt collection law firms and their president for falsely representing that...,,,https://www.consumerfinance.gov/enforcement/actions/works-lentz-inc/,false,company-unresolved:no-match,no-match
navient-corporation-navient-solutions-inc-and-pioneer-credit-recovery-inc,2017-01-18,"Navient Corporation, Navient Solutions, Inc. and Pioneer Credit Recovery, Inc.",navient-solutions,,"On January 18, 2017, the Bureau filed a complaint against Navient Corporation and its subsidiaries, Navient Solutions, LLC (Navient Solutions), and Pioneer Credit Recovery, Inc. (Pioneer). Navient Corporation is a nonbank that owns and services student loans. The Bureau alleged that Navient Solutions and Navient Corporation: (1) engaged in abusive and unfair acts and practices in violation of the Consumer Financial Protection Act of 2010 (CFPA) by steering borrowers experiencing long-term financial hardship into forbearance, a costly option designed for borrowers experiencing short-term financial hardship, instead of adequately advising them about more beneficial income-driven repayment plans; (2) engaged in unfair acts and practices in violation of the CFPA by failing to adequately notify borrowers who enrolled in an income-driven repayment plan about the requirement to annually recertify their income and family size as required under the plan; (3) engaged in deceptive acts and practices in violation of the CFPA by misleading borrowers about the consequences of submitting an incorrect or incomplete application to recertify their income and family size under an income-driven repayment plan; (4) engaged in deceptive acts and practices in violation of the CFPA by misleading private student loan borrowers about requirements to release their co-signer from the loan; (5) engaged in unfair acts and practices under the CFPA by making numerous payment processing errors, including by misallocating and misapplying borrower payments; and (6) violated the Fair Credit Reporting Act’s implementing Regulation V by failing to establish and implement reasonable written policies and procedures to furnish accurate information to credit reporting agencies regarding borrowers who had received a discharge on their federal loans due to a total and permanent disability. The Bureau also alleged that Pioneer and Navient Corporation engaged in deceptive acts and practices in violation of the CFPA and Fair Debt Collection Practices Act by misleading borrowers about the effect of loan rehabilitation on their credit reports and the collection fees that would be forgiven in the federal loan rehabilitation program. On March 24, 2017, Navient moved to dismiss the complaint, which the court denied on August 4, 2017. On July 10, 2020, Navient filed a motion for judgment on the pleadings, whic",,,https://www.consumerfinance.gov/enforcement/actions/navient-corporation-navient-solutions-inc-and-pioneer-credit-recovery-inc/,true,,unique-prefix
tcf-national-bank,2017-01-19,TCF National Bank,tcf-national-bank,,"The Bureau of Consumer Financial Protection (Bureau) obtained a federal district court order approving its settlement with TCF National Bank regarding its marketing and sale of overdraft services. TCF National Bank is headquartered in Wayzata, Minn., and operates approximately 318 retail branches across Minnesota, Wisconsin, Illinois, Michigan, Colorado, Arizona, and South Dakota. Banks must first obtain a consumer’s consent before they can lawfully charge overdraft fees on one-time debit purchases and ATM withdrawals. The Bureau alleged in its lawsuit that, when attempting to obtain this consent, TCF obscured the fees it charged and made consenting to overdraft fees seem mandatory for new customers to open an account. TCF has agreed to pay $25 million in restitution to customers who were charged overdraft fees and has agreed to an injunction to prevent future violations. The order also imposes a civil money penalty of $5 million. This penalty will be adjusted to account for a $3 million penalty imposed by the Office of the Comptroller of the Currency (OCC) in a separate order. This action was taken in coordination with the OCC, with which the Bureau worked closely on this matter. Bureau of Consumer Financial Protection Settles With TCF National Bank",,,https://www.consumerfinance.gov/enforcement/actions/tcf-national-bank/,true,,exact
citifinancial-servicing-llc-de-citifinancial-company-de-citifinancial-services-inc-mn-and-citifinancial-inc-wv,2017-01-23,"CitiFinancial Servicing, LLC (DE), CitiFinancial Company (DE), CitiFinancial Services, Inc. (MN), and CitiFinancial, Inc. (WV)",,,"The Bureau took separate actions against CitiFinancial Servicing and CitiMortgage, Inc. for giving the runaround to struggling homeowners seeking options to...",,,https://www.consumerfinance.gov/enforcement/actions/citifinancial-servicing-llc-de-citifinancial-company-de-citifinancial-services-inc-mn-and-citifinancial-inc-wv/,false,company-unresolved:no-match,no-match
citimortgage-inc,2017-01-23,"CitiMortgage, Inc.",,,"The Bureau took separate actions against CitiFinancial Servicing and CitiMortgage, Inc. for giving the runaround to struggling homeowners seeking options to...",,,https://www.consumerfinance.gov/enforcement/actions/citimortgage-inc/,false,company-unresolved:no-match,no-match
vincent-howard-lawrence-w-williamson-howard-law-pc-williamson-law-firm-llc-and-williamson-howard-llp,2017-01-30,"Vincent Howard, Lawrence W. Williamson, Howard Law, P.C., The Williamson Law Firm, LLC, and Williamson &amp; Howard, LLP",,,The CFPB today took action against a ring of law firms and attorneys who collaborated to charge illegal fees to consumers seeking debt relief.,,,https://www.consumerfinance.gov/enforcement/actions/vincent-howard-lawrence-w-williamson-howard-law-pc-williamson-law-firm-llc-and-williamson-howard-llp/,false,company-unresolved:no-match,no-match
rgc-services-inc-dba-remax-gold-coast-realtors,2017-01-31,"RGC Services, Inc. dba Re/Max Gold Coast Realtors",,,"The CFPB took action against Re/Max Gold Coast Realtors, a real estate broker in California, for accepting illegal kickbacks...",,,https://www.consumerfinance.gov/enforcement/actions/rgc-services-inc-dba-remax-gold-coast-realtors/,false,company-unresolved:no-match,no-match
prospect-mortgage-llc,2017-01-31,Prospect Mortgage LLC,prospect-mortgage,,"The Consumer Financial Protection Bureau (CFPB) took action against Prospect Mortgage, LLC, a major mortgage lender, for paying illegal kickbacks for mortgage business referrals. The CFPB also took action against two real estate brokers and a mortgage servicer that took illegal kickbacks from Prospect. Under the terms of the action announced today, Prospect will pay a $3.5 million civil penalty for its illegal conduct, and the mortgage brokers and servicer will pay a combined $495,000 in consumer relief, repayment of ill-gotten gains, and penalties. CFPB Orders Prospect Mortgage to Pay $3.5 Million Fine for Illegal Kickback Scheme",,,https://www.consumerfinance.gov/enforcement/actions/prospect-mortgage-llc/,true,,exact
willamette-legacy-llc-dba-keller-williams-mid-willamette,2017-01-31,"Willamette Legacy, LLC dba Keller Williams Mid-Willamette",,,"The CFPB took action against Keller Williams Mid-Willamette, a real estate broker in Oregon, for accepting illegal kickbacks...",,,https://www.consumerfinance.gov/enforcement/actions/willamette-legacy-llc-dba-keller-williams-mid-willamette/,false,company-unresolved:no-match,no-match
planet-home-lending-llc,2017-01-31,"Planet Home Lending, LLC",planet-home-lending,,"The Bureau took action against Planet Home Lending, LLC, a mortgage servicer headquartered in Meriden, Connecticut, for accepting payments for mortgage business referrals from Prospect Mortgage, LLC and for improper use of credit reports for marketing purposes, in violation of the Real Estate Settlement Procedures Act and its implementing Regulation X, the Fair Credit Reporting Act, and the Consumer Financial Protection Act of 2010. The order required Planet Home to come into compliance with the law and pay $265,000 in consumer redress. On September 22, 2025, pursuant to the Bureau’s authority under 12 U.S.C. § 5563(b)(3) and under Paragraph 51 of the order, the Bureau terminated the order. Planet Home has fulfilled several obligations under the order, including, among other things, implementing the required redress plan, paying consumer redress of $265,000, and changing business practices in light of the violations identified in the order. CFPB Orders Prospect Mortgage to Pay $3.5 Million Fine for Illegal Kickback Scheme",,,https://www.consumerfinance.gov/enforcement/actions/planet-home-lending-llc/,true,,exact
unirush-llc-and-mastercard-international-incorporated,2017-02-01,UniRush LLC and Mastercard International Incorporated,,,The Bureau took action against Mastercard and UniRush for breakdowns that left tens of thousands of economically vulnerable RushCard users unable to access...,,,https://www.consumerfinance.gov/enforcement/actions/unirush-llc-and-mastercard-international-incorporated/,false,company-unresolved:no-match,no-match
woodbridge-coins-and-jewelry-exchange-inc-db-woodbridge-gold-pawn,2017-02-02,"Woodbridge Coins and Jewelry Exchange, Inc. d/b/a Woodbridge Gold &amp; Pawn",,,"The Bureau and the Attorney General of Virginia took action against Woodbridge Coins and Jewelry Exchange, Inc., doing business as Woodbridge Gold &amp; Pawn...",,,https://www.consumerfinance.gov/enforcement/actions/woodbridge-coins-and-jewelry-exchange-inc-db-woodbridge-gold-pawn/,false,company-unresolved:no-match,no-match
rd-legal-funding-llc-rd-legal-finance-llc-rd-legal-funding-partners-lp-and-roni-dersovitz,2017-02-07,"RD Legal Funding, LLC, RD Legal Finance, LLC, RD Legal Funding Partners, LP, and Roni Dersovitz",,,"On February 7, 2017, the CFPB and the New York Attorney General filed a complaint against RD Legal Funding, LLC, two related entities, and the companies’ founder and owner, Roni Dersovitz.",,,https://www.consumerfinance.gov/enforcement/actions/rd-legal-funding-llc-rd-legal-finance-llc-rd-legal-funding-partners-lp-and-roni-dersovitz/,false,company-unresolved:no-match,no-match
nationstar-mortgage-llc,2017-03-15,Nationstar Mortgage LLC,nationstar-mortgage,,"The Consumer Financial Protection Bureau (CFPB) took action against Nationstar Mortgage LLC for violating the Home Mortgage Disclosure Act (HMDA) by consistently failing to report accurate data about mortgage transactions for 2012 through 2014. The CFPB is requiring Nationstar to pay a $1.75 million civil penalty, improve its compliance management to prevent future violations, and review, correct, and make available its corrected HMDA data from 2012–2014. CFPB Takes Action Against Nationstar Mortgage for Flawed Mortgage Loan Reporting",,,https://www.consumerfinance.gov/enforcement/actions/nationstar-mortgage-llc/,true,,exact
experian-holdings-inc-experian-information-solutions-inc-and-consumerinfocom-inc-dba-experian-consumer-services,2017-03-23,"Experian Holdings, Inc., Experian Information Solutions, Inc., and ConsumerInfo.com, Inc., dba Experian Consumer Services",experian-information-solutions,,"The Consumer Financial Protection Bureau (CFPB) today took action against Experian and its subsidiaries for deceiving consumers about the use of credit scores it sold to consumers. Experian claimed the credit scores it marketed and provided to consumers were used by lenders to make credit decisions. In fact, lenders did not use Experian’s scores to make those decisions. The CFPB ordered Experian to truthfully represent how its credit scores are used. Experian must also pay a civil penalty of $3 million. CFPB Fines Experian $3 Million for Deceiving Consumers in Marketing Credit Scores",,,https://www.consumerfinance.gov/enforcement/actions/experian-holdings-inc-experian-information-solutions-inc-and-consumerinfocom-inc-dba-experian-consumer-services/,true,,unique-prefix
weltman-weinberg-reis-co-lpa,2017-04-17,"Weltman, Weinberg &amp; Reis Co., L.P.A.",weltman-weinberg-reis-co-lpa,,"On April 17, 2017, the Bureau filed a complaint against the debt collection law firm Weltman, Weinberg &amp; Reis Co., L.P.A., alleging it sent collection letters that misrepresented that attorneys were meaningfully involved in collecting the debt. A trial with an advisory jury was held beginning May 1, 2018. The advisory jury found that the Bureau had proved by a preponderance of the evidence that the law firm’s collection letter contained false, deceptive, or misleading representations in connection with the collection of a debt, but found that the Bureau had not proved that the law firm’s lawyers were not meaningfully involved in the debt collection process. The court declined to adopt the advisory jury’s first finding, accepted the advisory jury’s second finding, and entered judgment in favor of the law firm on July 25, 2018. On October 22, 2018, the court denied the law firm’s motion for an award of attorney’s fees. Memorandum Opinion and Order Denying Motion for Award of Attorney’s Fees CFPB Files Suit Against Law Firm for Misrepresenting Attorney Involvement in Collection of Millions of Debts",,,https://www.consumerfinance.gov/enforcement/actions/weltman-weinberg-reis-co-lpa/,true,,unique-prefix
ocwen-financial-corporation-ocwen-mortgage-servicing-inc-and-ocwen-loan-servicing-llc,2017-04-20,"Ocwen Financial Corporation; Ocwen Mortgage Servicing, Inc.; and Ocwen Loan Servicing, LLC",,,"On April 20, 2017, the Bureau filed a complaint against mortgage loan servicer Ocwen Financial Corporation and its subsidiaries.",,,https://www.consumerfinance.gov/enforcement/actions/ocwen-financial-corporation-ocwen-mortgage-servicing-inc-and-ocwen-loan-servicing-llc/,false,company-unresolved:no-match,no-match
security-national-automotive-acceptance-company-llc,2017-04-26,"Security National Automotive Acceptance Company, LLC",security-national-automotive-acceptance,,"The Consumer Financial Protection Bureau (CFPB) today took action against Security National Automotive Acceptance Company (SNAAC), an auto lender specializing in loans to servicemembers, for violating a Bureau consent order. In 2015, the CFPB ordered SNAAC to pay both redress and a civil penalty for illegal debt collection tactics, including making threats to contact servicemembers’ commanding officers about debts and exaggerating the consequences of not paying. SNAAC violated the 2015 order by failing to provide more than $1 million in refunds and credits, affecting more than 1,000 consumers. Today’s consent order requires SNAAC to make good on the redress it owes to those consumers and pay an additional $1.25 million penalty. CFPB Issues $1.25 Million Fine to Servicemember Auto Lender for Violating Consent Order",,,https://www.consumerfinance.gov/enforcement/actions/security-national-automotive-acceptance-company-llc/,true,,exact
golden-valley-lending-inc-silver-cloud-financial-inc-mountain-summit-financial-inc-and-majestic-lake-financial-inc,2017-04-27,"Golden Valley Lending, Inc., Silver Cloud Financial, Inc., Mountain Summit Financial, Inc., and Majestic Lake Financial, Inc.",silver-cloud-financial,,"The Consumer Financial Protection Bureau (CFPB) today took action against four online lenders–Golden Valley Lending, Inc., Silver Cloud Financial, Inc., Mountain Summit Financial, Inc., and Majestic Lake Financial, Inc.–for deceiving consumers by collecting debt they were not legally owed. In a suit filed in federal court, the CFPB alleges that the four lenders could not legally collect on these debts because the loans were void under state laws governing interest rate caps or the licensing of lenders. The CFPB alleges that the lenders made deceptive demands and illegally took money from consumer bank accounts for debts that consumers did not legally owe. The CFPB seeks to stop the unlawful practices, recoup relief for harmed consumers, and impose a penalty. CFPB Sues Four Online Lenders for Collecting on Debts Consumers Did Not Legally Owe",,,https://www.consumerfinance.gov/enforcement/actions/golden-valley-lending-inc-silver-cloud-financial-inc-mountain-summit-financial-inc-and-majestic-lake-financial-inc/,true,,exact
fay-servicing-llc,2017-06-07,"Fay Servicing, LLC",fay-servicing,,"On June 7, 2017, the Bureau issued an order against Fay Servicing, LLC to address the Bureau’s findings that Fay Servicing failed to provide mortgage loan borrowers with the protections against foreclosure required by law, kept borrowers in the dark about critical information about the process for applying for foreclosure relief, and moved forward with the foreclosure process while borrowers were actively seeking help to save their homes. The order required Fay Servicing to stop its illegal practices and pay up to $1.15 million in consumer redress to harmed borrowers. Stipulation and Consent to Second Consent Order Modification Stipulation and Consent to Fourth Consent Order Modification Consumer Financial Protection Bureau Takes Action Against Fay Servicing for Failing to Provide Mortgage Borrowers with Protections Against Foreclosure",,,https://www.consumerfinance.gov/enforcement/actions/fay-servicing-llc/,true,,exact
prime-credit-llc-imc-capital-llc-commercial-credit-consultants-blake-johnson-eric-schlegel-park-view-law-and-arthur-barens,2017-06-27,"Prime Credit, L.L.C., IMC Capital, L.L.C., Commercial Credit Consultants, Blake Johnson, Eric Schlegel, Park View Law, and Arthur Barens",prime-credit,,"The Consumer Financial Protection Bureau (CFPB) took action against four California-based credit repair companies and three individuals for misleading consumers and charging illegal fees. In two complaints filed in federal court, the Bureau alleged that the companies not only charged illegal advance fees for credit repair services, but also misrepresented their ability to repair consumers’ credit scores. Under the terms of the first final judgment, Prime Credit, L.L.C., IMC Capital, L.L.C., Commercial Credit Consultants, Blake Johnson, and Eric Schlegel have been ordered to pay a civil money penalty of more than $1.5 million. Under the terms of the second final judgment, Park View Law, known formerly as Prime Law Experts, Inc., and its owner Arthur Barens have been ordered to pay $500,000 in relinquished funds to the U.S. Treasury. Prime Credit, L.L.C., IMC Capital, L.L.C., Commercial Credit Consultants, Blake Johnson, and Eric Schlegel Park View Law (formerly known as Prime Law Experts, Inc.) and Arthur Barens Stipulated final judgment and order Press releaseCFPB Takes Actions Against Credit Repair Companies for Charging Illegal Fees and Misleading Consumers",,,https://www.consumerfinance.gov/enforcement/actions/prime-credit-llc-imc-capital-llc-commercial-credit-consultants-blake-johnson-eric-schlegel-park-view-law-and-arthur-barens/,true,,exact
jpmorgan-chase-bank-na,2017-08-02,"JPMorgan Chase Bank, N.A.",,,"The CFPB took action against JPMorgan Chase Bank, N.A. for failures related to information it provides for checking account screening reports.",,,https://www.consumerfinance.gov/enforcement/actions/jpmorgan-chase-bank-na/,false,company-unresolved:no-match,no-match
aequitas-capital-management-inc-et-al,2017-08-17,"Aequitas Capital Management, Inc., et al.",,,"The Bureau filed a complaint and proposed settlement against Aequitas Capital Management, Inc. and related entities, for aiding the Corinthian Colleges&#39;...",,,https://www.consumerfinance.gov/enforcement/actions/aequitas-capital-management-inc-et-al/,false,company-unresolved:no-match,no-match
american-express-centurion-bank-and-american-express-bank-fsb,2017-08-23,"American Express Centurion Bank and American Express Bank, FSB",,,"The Bureau took action against American Express Centurion Bank and American Express Bank, FSB for discriminating against consumers in Puerto Rico, the U.S...",,,https://www.consumerfinance.gov/enforcement/actions/american-express-centurion-bank-and-american-express-bank-fsb/,false,company-unresolved:no-match,no-match
zero-parallel-llc,2017-09-06,"Zero Parallel, LLC",zero-parallel,,"The Consumer Financial Protection Bureau (CFPB) took action against an online lead aggregator for steering consumers toward lenders who offered illegal or unlicensed loans that were void in the consumer’s state. Zero Parallel, LLC sold consumers’ payday and installment loan applications to lenders it knew were likely to make void loans that the lenders had no legal right to collect. The CFPB found that Zero Parallel committed an abusive practice by selling loan applications to lenders in a manner that prevented consumers from understanding the risks, costs, or conditions of the loans they were offered, and it entered an order imposing injunctive relief and a $100,000 penalty. CFPB Takes Action Against Zero Parallel for Steering Consumers Toward Bad Deals",,,https://www.consumerfinance.gov/enforcement/actions/zero-parallel-llc/,true,,exact
national-collegiate-student-loan-trusts,2017-09-18,National Collegiate Student Loan Trusts,,,"On September 18, 2017, the Bureau filed a complaint and proposed consent judgment against several the National Collegiate Student Loan Trusts (collectively, the “NCSLTs”).",,,https://www.consumerfinance.gov/enforcement/actions/national-collegiate-student-loan-trusts/,false,company-unresolved:no-match,no-match
transworld-systems-inc,2017-09-18,"Transworld Systems, Inc.",transworld-systems,,"On September 18, 2017, the Bureau issued a consent order against Transworld Systems (TSI), the debt collector for several National Collegiate Student Loan Trusts, for filing false or misleading affidavits, providing false or misleading testimony, and filing debt collection lawsuits when the companies could not prove the debt was owed. The Bureau’s order requires injunctive relief and for TSI to pay a $2.5 million civil penalty. On the same day, the Bureau filed a complaint and proposed consent judgment against National Collegiate Student Loan Trusts. CFPB Takes Action Against National Collegiate Student Loan Trusts, Transworld Systems for Illegal Student Loan Debt Collection Lawsuits",,,https://www.consumerfinance.gov/enforcement/actions/transworld-systems-inc/,true,,exact
top-notch-funding-ii-llc-rory-donadio-and-john-gene-cavalli,2017-09-19,"Top Notch Funding II, LLC, Rory Donadio, and John “Gene” Cavalli",,,"The CFPB took action against Top Notch Funding for lying in loan offers to NFL players, Deepwater Horizon victims, and 9/11 first responders.",,,https://www.consumerfinance.gov/enforcement/actions/top-notch-funding-ii-llc-rory-donadio-and-john-gene-cavalli/,false,company-unresolved:no-match,no-match
meridian-title-corporation,2017-09-27,Meridian Title Corporation,meridian-title,,"The Consumer Financial Protection Bureau (CFPB) took action against real estate settlement services provider Meridian Title Corporation for steering consumers to a title insurer owned in part by several of its executives without making disclosures about the businesses’ affiliation. The CFPB found that Meridian failed to disclose its relationship with the title insurer and illegally benefitted from the referrals for title insurance—which is usually required in real estate purchases involving a mortgage loan. Under the consent order, the CFPB is ordering Meridian to ensure that it ceases the illegal practice, provide disclosures whenever it makes a covered referral, and pay up to $1.25 million in redress to consumers. CFPB Takes Action Against Real Estate Settlement Services Provider for Steering Consumers to Affiliated Business",,,https://www.consumerfinance.gov/enforcement/actions/meridian-title-corporation/,true,,exact
federal-debt-assistance-association-llc-financial-document-assistance-administration-inc-clear-solutions-inc-robert-pantoulis-david-piccione-and-vincent-piccione,2017-10-12,"Federal Debt Assistance Association, LLC, Financial Document Assistance Administration, Inc., Clear Solutions, Inc., Robert Pantoulis, David Piccione, and Vincent Piccione",,,The Consumer Financial Protection Bureau (CFPB) sues debt-relief companies illegally posing as federal government.,,,https://www.consumerfinance.gov/enforcement/actions/federal-debt-assistance-association-llc-financial-document-assistance-administration-inc-clear-solutions-inc-robert-pantoulis-david-piccione-and-vincent-piccione/,false,company-unresolved:no-match,no-match
tempo-venture-inc-db-culpeper-pawnbroker,2017-10-17,"Tempo Venture, Inc., d/b/a Culpeper Pawnbroker",,,"The CFPB took action against Tempo Venture, Inc., doing business as Culpeper Pawnbroker, for deceiving consumers about the actual annual costs of its loans.",,,https://www.consumerfinance.gov/enforcement/actions/tempo-venture-inc-db-culpeper-pawnbroker/,false,company-unresolved:no-match,no-match
freedom-debt-relief-llc-and-andrew-housser,2017-11-08,"Freedom Debt Relief, LLC and Andrew Housser",,,"The CFPB today settled its lawsuit against Freedom Debt Relief, LLC, the nation’s largest debt-settlement services provider.",,,https://www.consumerfinance.gov/enforcement/actions/freedom-debt-relief-llc-and-andrew-housser/,false,company-unresolved:no-match,no-match
think-finance-llc-formerly-known-think-finance-inc,2017-11-15,"Think Finance, LLC",,,"On February 5, 2020, the Bureau filed a proposed stipulated final consent order against Think Finance, LLC and six of its subsidiaries to resolve the...",,,https://www.consumerfinance.gov/enforcement/actions/think-finance-llc-formerly-known-think-finance-inc/,false,company-unresolved:no-match,no-match
conduent-business-services-llc,2017-11-20,"Conduent Business Services, LLC",,,"The CFPB took action against Xerox Business Services, LLC, now called Conduent Business Services, for software errors that...",,,https://www.consumerfinance.gov/enforcement/actions/conduent-business-services-llc/,false,company-unresolved:no-match,no-match
citibank-na-student-loan-servicing,2017-11-21,"Citibank, N.A.",citibank,,"The Consumer Financial Protection Bureau (CFPB) took action against Citibank, N.A. for student loan servicing failures that harmed borrowers. Citibank misled borrowers into believing that they were not eligible for a valuable tax deduction on interest paid on certain student loans. The company also incorrectly charged late fees and added interest to the student loan balances of borrowers who were still in school and eligible to defer their loan payments. Citibank also misled consumers about how much they had to pay in their monthly bills and failed to disclose required information after denying borrowers’ requests to release loan cosigners. The Bureau is ordering Citibank to end these illegal servicing practices, and to pay $3.75 million in redress to consumers and a $2.75 million civil money penalty. CFPB Takes Action Against Citibank For Student Loan Servicing Failures That Harmed Borrowers",,,https://www.consumerfinance.gov/enforcement/actions/citibank-na-student-loan-servicing/,true,,exact
wells-fargo-bank-na-2018,2018-04-20,"Wells Fargo Bank, N.A.",,,"On April 20, 2018, the Bureau issued an order against Wells Fargo Bank, N.A. in a coordinated action with the Office of the Comptroller of the Currency (OCC).",,,https://www.consumerfinance.gov/enforcement/actions/wells-fargo-bank-na-2018/,false,company-unresolved:no-match,no-match
security-group-inc,2018-06-13,"Security Group, Inc., Security Finance Corporation of Spartanburg, Professional Financial Services Corp., et al.",,,"Bureau announced a settlement with Security Group Inc., a South Carolina corporation, and its subsidiaries, Security Finance Corporation of Spartanburg and...",,,https://www.consumerfinance.gov/enforcement/actions/security-group-inc/,false,company-unresolved:no-match,no-match
citibank-na-2018,2018-06-29,"Citibank, N.A.",citibank,,"The Bureau concluded that Citibank violated the Truth in Lending Act by failing to reevaluate and reduce the annual percentage rates (APRs) for approximately 1.75 million consumer credit card accounts consistent with regulatory requirements, and by failing to have reasonable written policies and procedures to conduct the APR reevaluations consistent with regulation. Under the terms of the consent order, Citibank must correct these practices and pay $335 million in restitution to consumers affected by these practices. Bureau of Consumer Financial Protection Settles with Citibank, N.A.",,,https://www.consumerfinance.gov/enforcement/actions/citibank-na-2018/,true,,exact
national-credit-adjusters-llc-and-bradley-hochstein,2018-07-13,"National Credit Adjusters, LLC and Bradley Hochstein",national-credit-adjusters,,"The Bureau found that NCA and Hochstein used a network of debt collection companies to collect consumer debt on NCA’s behalf. Some of those companies engaged in frequent unlawful debt collection acts and practices that harmed consumers, including by representing that consumers owed more than they were legally required to pay, or threatening consumers and their family members with lawsuits, visits from process servers, and arrest, when neither NCA nor the collection companies intended or had the legal authority to take those actions. NCA and Hochstein continued placing debt with those companies for collection with knowledge or reckless disregard of the companies’ illegal consumer debt collection practices. NCA and Hochstein also sold millions in consumer debt to one of those companies with knowledge or reckless disregard of the company’s illegal consumer debt collection practices. The Bureau found that NCA and Hochstein violated the Consumer Financial Protection Act of 2010 and that NCA violated the Fair Debt Collection Practices Act. Under the terms of the consent order, NCA and Hochstein are barred from certain collection practices and Hochstein is permanently barred from working in any business that collects, buys, or sells consumer debt. The order imposes a judgment for civil money penalties of $3 million against NCA and $3 million against Hochstein. As explained in the order, full payment of those amounts is suspended subject to NCA paying a $500,000 civil money penalty and Hochstein paying a $300,000 civil money penalty. Bureau Settles With National Credit Adjusters, LLC and Bradley Hochstein",,,https://www.consumerfinance.gov/enforcement/actions/national-credit-adjusters-llc-and-bradley-hochstein/,true,,exact
triton-management-group-inc,2018-07-19,"Triton Management Group, Inc.",triton-management-group,,"The Bureau found that Triton deceived Mississippi consumers in violation of the Dodd-Frank Wall Street Reform and Consumer Protection Act and violated the disclosure requirements of the Truth in Lending Act by failing to disclose thousands of dollars in finance charges associated with their auto title loans. The Bureau also found that Triton used advertisements that failed to disclose the annual percentage rate and other information required by the Truth in Lending Act. Under the Dodd-Frank Act, the Bureau is authorized to take action against institutions that engage in unfair, deceptive, or abusive acts or practices, or that fail to make required consumer protection disclosures as required by the Truth in Lending Act. Under the terms of the consent order, Triton and its subsidiaries are barred from misrepresenting the costs and other terms of their loans and must return unlawful fees paid by consumers. The order enters a judgment of $1,522,298 against Triton, which represents the undisclosed finance charges consumers paid on their Triton loans. As explained in the order, full payment of this amount is suspended subject to Triton’s paying $500,000 to affected consumers. Bureau of Consumer Financial Protection Settles with Triton Management Group",,,https://www.consumerfinance.gov/enforcement/actions/triton-management-group-inc/,true,,exact
future-income-payments-llc,2018-09-13,"Future Income Payments, LLC, Scott Kohn, and related entities",,,"On September 13, 2018, the Bureau filed a lawsuit against Future Income Payments, LLC, Scott Kohn, and several related entities.",,,https://www.consumerfinance.gov/enforcement/actions/future-income-payments-llc/,false,company-unresolved:no-match,no-match
bluestem-brands-inc,2018-10-04,"Bluestem Brands, Inc.; Bluestem Enterprises, Inc.; and Bluestem Sales, Inc., also doing business as Fingerhut and Gettington.com",,,"The Bureau and Bluestem Brands, Inc.; Bluestem Enterprises, Inc.; and Bluestem Sales, Inc. (the Bluestem companies), have filed an administrative consent...",,,https://www.consumerfinance.gov/enforcement/actions/bluestem-brands-inc/,false,company-unresolved:no-match,no-match
cash-express-llc,2018-10-24,"Cash Express, LLC",cash-express,,"The Bureau of Consumer Financial Protection (Bureau) today announced a settlement with Cash Express, LLC, a small-dollar lender based in Cookeville, Tenn., that offers high-cost, short-term loans, such as payday and title loans, as well as check-cashing services. As described in the consent order, the Bureau found that Cash Express violated the Consumer Financial Protection Act (CFPA) by deceptively threatening in collection letters that it would take legal action against consumers, even though the debts were past the date for suing on legal claims, and it was not Cash Express’s practice to file lawsuits against these consumers. The Bureau also found that Cash Express violated the CFPA by misrepresenting that it might report negative credit information to consumer reporting agencies for late or missed payments, when the company did not actually report this information. The Bureau also found that Cash Express violated the CFPA by abusively withholding funds during check-cashing transactions to satisfy outstanding amounts on prior loans, without disclosing this practice to the consumer during the initiation of the transaction. Under the terms of the consent order, Cash Express and its subsidiaries are barred from automatically taking money from check-cashing transactions unless certain conditions are met. Cash Express is further barred from making misrepresentations about its consumer reporting activities and its intention or likelihood of filing suit to collect a debt. Bureau of Consumer Financial Protection Settles with Cash Express",,,https://www.consumerfinance.gov/enforcement/actions/cash-express-llc/,true,,exact
santander-consumer-usa-inc,2018-11-20,"Santander Consumer USA, Inc.",santander-consumer-usa,,"Today the Bureau of Consumer Financial Protection (Bureau) announced a settlement with Santander Consumer USA Inc., a consumer financial services company based in Dallas, Texas. As described in the consent order, the Bureau found that Santander violated the Consumer Financial Protection Act of 2010 by not properly describing the benefits and limitations of its S-GUARD GAP product, which it offered as an add-on to its auto loan products. Santander also failed to properly disclose the impact on consumers of obtaining a loan extension, including by not clearly and prominently disclosing that the additional interest accrued during the extension period would be paid before any payments to principal when the consumer resumed making payments. Under the terms of the consent order, Santander must, among other provisions, provide approximately $9.29 million in restitution to certain consumers who purchased the add-on product, clearly and prominently disclose the terms of its loan extensions and the add-on product, and pay a $2.5 million civil money penalty. Bureau of Consumer Financial Protection Settles with Santander Consumer USA Inc.",,,https://www.consumerfinance.gov/enforcement/actions/santander-consumer-usa-inc/,true,,exact
village-capital-and-investment-llc,2018-12-04,"Village Capital and Investment, LLC",village-capital-investment,,"The Bureau alleges that Village Capital violated the Consumer Financial Protection Act of 2010 by misleading veterans regarding its Interest Rate Reduction Refinancing Loans—loans that allow veterans to refinance their mortgages at lower interest rates with a loan guaranteed by the Department of Veterans Affairs. Specifically, the Bureau alleges that Village Capital misled veterans by overstating the benefits of refinancing. The order requires Village Capital to pay $268,869 in redress to consumers and a civil penalty of $260,000. The order also prohibits Village Capital from misrepresenting the terms or benefits of mortgage refinancing. Bureau of Consumer Financial Protection Files Complaint and Proposed Settlement with Village Capital &amp; Investment LLC",,,https://www.consumerfinance.gov/enforcement/actions/village-capital-and-investment-llc/,true,,unique-prefix
state-farm-bank-fsb,2018-12-06,"State Farm Bank, FSB",state-farm-bank,,"The Bureau of Consumer Financial Protection (Bureau) today announced a settlement with State Farm Bank, FSB, a federal savings association headquartered in Bloomington, Ill. As described in the consent order, the Bureau found that State Farm Bank violated the Fair Credit Reporting Act, Regulation V, and the Consumer Financial Protection Act of 2010 by obtaining consumer reports without a permissible purpose; furnishing to credit-reporting agencies (CRAs) information about consumers’ credit that the bank knew or had reasonable cause to believe was inaccurate; failing to promptly update or correct information furnished to CRAs; furnishing information to CRAs without providing notice that the information was disputed by the consumer; and failing to establish and implement reasonable written policies and procedures regarding the accuracy and integrity of information provided to CRAs. Under the terms of the consent order, State Farm Bank must not violate the Fair Credit Reporting Act or Regulation V and must implement and maintain reasonable written policies, procedures, and processes to address the practices at issue in the consent order and prevent future violations. Bureau of Consumer Financial Protection Settles with State Farm Bank",,,https://www.consumerfinance.gov/enforcement/actions/state-farm-bank-fsb/,true,,exact
usaa-federal-savings-bank,2019-01-03,USAA Federal Savings Bank,,,"The CFPB announced a settlement with USAA Federal Savings Bank, a federally chartered savings association headquartered in...",,,https://www.consumerfinance.gov/enforcement/actions/usaa-federal-savings-bank/,false,company-unresolved:no-match,no-match
sterling-jewelers-inc,2019-01-16,"Sterling Jewelers, Inc.",sterling-jewelers,,"The Consumer Financial Protection Bureau (Bureau) and the People of the State of New York today settled claims against Sterling Jewelers Inc. The Bureau’s and the State’s parallel investigations found that Sterling violated the Consumer Financial Protection Act of 2010 by opening store credit-card accounts without customer consent; enrolling customers in payment-protection insurance without their consent; and misrepresenting to consumers the financing terms associated with the credit-card accounts. The Bureau also found that Sterling violated the Truth in Lending Act by signing customers up for credit-card accounts without having received an oral or written request or application from them. The State of New York found that Sterling violated several provisions of state law. Under the settlement, Sterling will pay a $10 million civil money penalty to the Bureau and a $1 million civil money penalty to the State of New York. Sterling has also agreed to injunctive relief designed to prevent the continuation of the claimed illegal conduct. Consumer Financial Protection Bureau Settles Claims with Sterling Jewelers, Inc.",,,https://www.consumerfinance.gov/enforcement/actions/sterling-jewelers-inc/,true,,exact
mark-corbett,2019-01-23,Mark Corbett,,,The Bureau found that Corbett violated the Consumer Financial Protection Act of 2010 by misrepresenting to consumers that the contracts he facilitates are...,,,https://www.consumerfinance.gov/enforcement/actions/mark-corbett/,false,company-unresolved:no-match,no-match
enova-international-inc,2019-01-25,"Enova International, Inc.",enova-international,,"On January 25, 2019, the Bureau issued an order against Enova International, Inc. The Bureau found that Enova violated the Consumer Financial Protection Act of 2010 by debiting consumers’ bank accounts without authorization. While consumers authorized Enova to deduct payments from certain accounts, the company in many instances debited different accounts that the consumers had not authorized it to use. The Bureau found also that Enova failed to honor loan extensions it granted to consumers. Under the terms of the consent order, Enova is, among other things, barred from making or initiating electronic fund transfers without valid authorization and must pay a $3.2 million civil money penalty. Consumer Financial Protection Bureau Reaches Settlement with Enova International, Inc.",,,https://www.consumerfinance.gov/enforcement/actions/enova-international-inc/,true,,exact
cash-tyme,2019-02-05,Cash Tyme,,,The Bureau found that Cash Tyme violated the Consumer Financial Protection Act of 2010 by debiting consumers’ bank accounts without authorization.,,,https://www.consumerfinance.gov/enforcement/actions/cash-tyme/,false,company-unresolved:no-match,no-match
conduent-education-services-llc,2019-05-01,"Conduent Education Services, LLC",,,"The CFPB today announced a settlement with Conduent Education Services, LLC (CES).",,,https://www.consumerfinance.gov/enforcement/actions/conduent-education-services-llc/,false,company-unresolved:no-match,no-match
pgx-holdings-inc,2019-05-02,"Progrexion Marketing, Inc.; PGX Holdings, Inc.; Progrexion Teleservices, Inc.; eFolks, LLC; CreditRepair.com, Inc.; John C. Heath, Attorney at Law, PLLC, d/b/a/ Lexington Law",,,"On May 2, 2019, the Bureau filed suit against PGX Holdings, Inc. and its subsidiaries, Progrexion Marketing, Inc., Progrexion Teleservices, Inc., CreditRepair.com, Inc., and eFolks, LLC (collectively, Progrexion) and against John C. Heath, Attorney at Law PC (Lexington Law), which does business as Lexington Law.",,,https://www.consumerfinance.gov/enforcement/actions/pgx-holdings-inc/,false,company-unresolved:no-match,no-match
forster-garbus-llp,2019-05-17,"Forster &amp; Garbus, LLP",,,"On May 17, 2019, the Bureau filed suit against Forster &amp; Garbus, LLP, a debt-collection law firm based in Commack, New York.",,,https://www.consumerfinance.gov/enforcement/actions/forster-garbus-llp/,false,company-unresolved:no-match,no-match
servis-one-inc-db-bsi-financial-services,2019-05-29,"Servis One, Inc., d/b/a BSI Financial Services",servis-one-inc-titusville-pa-branch,,"The Consumer Financial Protection Bureau (Bureau) today announced a settlement with BSI Financial Services (BSI), a mortgage servicer headquartered in Irving, Texas. BSI Financial Services is the operating name for Servis One, Inc. The Bureau found that BSI violated the Consumer Financial Protection Act of 2010, the Real Estate Settlement Procedures Act, or the Truth in Lending Act by: Under the terms of the consent order, BSI must, among other provisions, pay a civil money penalty of $200,000 and pay restitution estimated to be at least $36,500. It must also establish and maintain a comprehensive data integrity program to ensure the accuracy, integrity, and completeness of the data for loans that it services, and implement an information technology plan to ensure BSI’s systems comply with federal consumer financial laws. Consumer Financial Protection Bureau Settles with BSI Financial Services",,,https://www.consumerfinance.gov/enforcement/actions/servis-one-inc-db-bsi-financial-services/,true,,unique-prefix
freedom-mortgage-corporation,2019-06-05,Freedom Mortgage Corporation,freedom-mortgage,,"On June 5, 2019, the Bureau issued an order against Freedom Mortgage Corporation (Freedom), a mortgage lender with its principal place of business in Mount Laurel, New Jersey. Freedom is one of the ten largest Home Mortgage Disclosure Act (HMDA) reporters nationwide; for each year from 2013 through 2016, it originated more than 50,000 home-purchase loans, including refinancings of home-purchase loans. The Bureau found that Freedom violated HMDA and its implementing regulation, Regulation C, by submitting mortgage-loan data for 2014 to 2017 that contained errors. Specifically, the Bureau found that Freedom reported inaccurate race, ethnicity, and sex information and that much of Freedom’s loan officers’ recording of this incorrect information was intentional. For example, certain loan officers were told by managers or other loan officers that, when applicants did not provide their race or ethnicity, they should select non-Hispanic white regardless of whether that was accurate. The order requires Freedom to pay a $1.75 million civil money penalty and take steps to improve its compliance management to prevent future violations. Consumer Financial Protection Bureau Settles with Freedom Mortgage Corporation",,,https://www.consumerfinance.gov/enforcement/actions/freedom-mortgage-corporation/,true,,exact
student-cu-connect-cuso-llc,2019-06-14,"Student CU Connect CUSO, LLC",,,"The Bureau today announced a settlement with Student CU Connect CUSO, LLC (CUSO), a company set up to hold and manage private loans for students at ITT...",,,https://www.consumerfinance.gov/enforcement/actions/student-cu-connect-cuso-llc/,false,company-unresolved:no-match,no-match
equifax-inc,2019-07-22,"Equifax, Inc.",equifax,,"On July 22, 2019, the Consumer Financial Protection Bureau (Bureau), the Federal Trade Commission (FTC), and 48 states, the District of Columbia and Puerto Rico entered into a global settlement with Equifax that provides up to $700 million in monetary relief and penalties. In a complaint and stipulated judgment filed in federal district court in the Northern District of Georgia, the Bureau alleges that Equifax, Inc. engaged in unfair and deceptive practices in connection with the 2017 data breach of Equifax’s systems that impacted approximately 147 million consumers. The approved settlement with the Bureau provides up to $425 million in monetary relief to consumers, a $100 million civil money penalty, and other relief. The Bureau coordinated its investigation with the FTC and attorneys general from across the country. In total, the settlements with these entities impose up to $700 million in relief and penalties. CFPB, FTC and States Announce Settlement with Equifax Over 2017 Data Breach",,,https://www.consumerfinance.gov/enforcement/actions/equifax-inc/,true,,exact
andrew-gamber-voyager-financial-group-llc-baic-inc-sobell-corp,2019-08-14,"Andrew Gamber, Voyager Financial Group, LLC, BAIC, Inc., SoBell Corp",,,"On August 14, 2019, the CFPB filed a proposed stipulated judgment with Andrew Gamber, Voyager Financial Group, LLC, BAIC, Inc., and SoBell Corp.",,,https://www.consumerfinance.gov/enforcement/actions/andrew-gamber-voyager-financial-group-llc-baic-inc-sobell-corp/,false,company-unresolved:no-match,no-match
maxitransfers-corporation,2019-08-27,Maxitransfers Corporation,maxitransfers,,"On August 27, 2019, the Consumer Financial Protection Bureau announced a settlement with Maxitransfers Corporation (Maxi), which provides remittance transfer services that allow consumers to send money overseas electronically. From October 2013 until May 2017, Maxi sent approximately 14.5 million remittance transfers for U.S. consumers. The Bureau found that for each transfer, Maxi failed to provide certain consumer protection disclosures and did not maintain all of the policies and procedures required under the “Remittance Transfer Rule” of the Electronic Fund Transfer Act (“EFTA”). Maxi also violated the Consumer Financial Protection Act of 2010 (“CFPA”) by stating to consumers that it was not responsible for errors made by its third-party payment agents when in fact under the Remittance Transfer Rule a provider is liable for any violation by an agent when such agent acts for the provider. The consent order requires Maxi to pay a civil money penalty of $500,000 and prohibits Maxi from stating that it is not responsible for the acts of its agents. The consent order also requires Maxi to take steps to improve its compliance management to prevent future violations of the CFPA, EFTA, and the Remittance Transfer Rule. Consumer Financial Protection Bureau Settles with Maxitransfers Corporation",,,https://www.consumerfinance.gov/enforcement/actions/maxitransfers-corporation/,true,,exact
asset-recovery-associates-inc,2019-08-28,"Asset Recovery Associates, Inc.",,,"On August 28, 2019, the CFPB settled with Asset Recovery Associates, Inc., a debt-collection company headquartered in Illinois.",,,https://www.consumerfinance.gov/enforcement/actions/asset-recovery-associates-inc/,false,company-unresolved:no-match,no-match
certified-forensic-loan-auditors-llc-andrew-lehman-michael-carrigan,2019-09-06,"Certified Forensic Loan Auditors, LLC, Andrew Lehman, and Michael Carrigan",,,"On September 6, 2019, the Consumer Financial Protection Bureau filed a complaint in federal court in the Central District of California against Certified Forensic Loan Auditors, LLC, Andrew Lehman, and Michael Carrigan, along with a proposed stipulated final judgment against Michael Carrigan.",,,https://www.consumerfinance.gov/enforcement/actions/certified-forensic-loan-auditors-llc-andrew-lehman-michael-carrigan/,false,company-unresolved:no-match,no-match
fco-and-sobota,2019-09-25,"FCO Holding, Inc., Fair Collections &amp; Outsourcing, Inc., Fair Collections &amp; Outsourcing of New England, Inc., FCO Worldwide, Inc. and Michael E. Sobota",,,"On September 25, 2019, the Bureau filed a complaint in federal court in the District of Maryland against Maryland-based debt collectors FCO Holding, Inc. and its subsidiaries, Fair Collections &amp; Outsourcing, Inc., Fair Collections &amp; Outsourcing of New England, Inc., and FCO Worldwide, Inc. (collectively, FCO).",,,https://www.consumerfinance.gov/enforcement/actions/fco-and-sobota/,false,company-unresolved:no-match,no-match
snyder-et-al,2019-10-01,"Katharine Snyder, Performance Arbitrage Company, Inc., and Life Funding Options, Inc.",,,"On October 1, 2019, the Bureau and the South Carolina Department of Consumer Affairs filed a lawsuit in federal district court in the District of South...",,,https://www.consumerfinance.gov/enforcement/actions/snyder-et-al/,false,company-unresolved:no-match,no-match
premier-student-loan-center-et-al,2019-10-21,"Consumer Advocacy Center Inc., d/b/a Premier Student Loan Center; True Count Staffing Inc., d/b/a SL Account Management; Prime Consulting LLC, d/b/a Financial Preparation Services; Albert Kim; Kaine Wen; and Tuong Nguyen",,,"On October 21, 2019, the Bureau along with the states of Minnesota, North Carolina, and California filed a complaint and sought a temporary restraining order and preliminary injunction against Consumer Advocacy Center Inc., d/b/a Premier Student Loan Center (Premier); True Count Staffing Inc., d/b/a SL Account Management (True Count); Prime Consulting LLC, d/b/a Financial Preparation Services (Prime); Albert Kim; Kaine Wen; and Tuong Nguyen.",,,https://www.consumerfinance.gov/enforcement/actions/premier-student-loan-center-et-al/,false,company-unresolved:no-match,no-match
sterling-infosystems-inc,2019-11-22,"Sterling Infosystems, Inc.",sterling-infosystems,,"On November 22, 2019, the Consumer Financial Protection Bureau (Bureau) filed a proposed stipulated judgment with Sterling Infosystems, Inc. (Sterling), a privately-held Delaware corporation headquartered in New York. Sterling’s primary business is to prepare background screening reports on individual job applicants to assist employers in employment-making decisions. In its complaint, the Bureau alleged that Sterling violated the Fair Credit Reporting Act by (1) failing to employ reasonable procedures to ensure the maximum possible accuracy of the information about consumers it included in the consumer reports it prepared; (2) failing to maintain strict procedures to ensure that public record information about consumers that it included in consumer reports it prepared was complete and up to date or notify consumers, at the time that such information was reported, of the fact that public record information was being reported; and (3) reporting criminal history information and other adverse information about consumers outside of the reporting period allowed by the FCRA. The stipulated final judgment and order was entered by the court on November 26, 2019 and requires Sterling to pay $6 million in monetary relief to affected consumers and a $2.5 million civil money penalty to the Bureau. The stipulated judgment also includes injunctive relief to prevent the claimed illegal conduct from recurring. Consumer Financial Protection Bureau Settles with Employment Background Screening Company",,,https://www.consumerfinance.gov/enforcement/actions/sterling-infosystems-inc/,true,,exact
edmiston-et-al,2019-11-25,"Edmiston Marketing, LLC d/b/a Easy Military Travel, Brandon Edmiston",,,"On November 25, 2019, the Bureau issued a consent order against Edmiston Marketing, LLC, also known as Easy Military Travel; and Brandon Edmiston, the owner...",,,https://www.consumerfinance.gov/enforcement/actions/edmiston-et-al/,false,company-unresolved:no-match,no-match
usa-service-finance-llc,2019-11-25,"USA Service Finance, LLC",usa-service-finance,,"On November 25, 2019, the Consumer Financial Protection Bureau (Bureau) issued a consent order against USA Service Finance, LLC (USASF). The action was filed concurrently with a consent order issued against Edmiston Marketing, LLC, also known as Easy Military Travel; and Brandon Edmiston, the owner and operator of Easy Military Travel, in which the Bureau found that Easy Military Travel and Edmiston violated the Consumer Financial Protection Act of 2010 (CFPA) by misrepresenting the true cost of credit for loans for airline tickets. The Bureau found that USASF engaged in deceptive practices in violation of the CFPA by overcharging servicemembers and their families for a debt-cancellation product that was offered in connection with the Easy Military Travel loans for airline tickets, which USASF purchased and serviced. The Bureau also found that USASF violated Regulation V, which implements the Fair Credit Reporting Act, because it never established, reviewed, or updated any written policies or procedures regarding the accuracy and integrity of the consumer information it furnished to consumer reporting agencies. The consent order issued against USASF requires it to provide redress to borrowers who were overcharged for the debt-cancellation product, including paying $54,625 in restitution to borrowers with no outstanding balance on their loans and issuing additional restitution in the form of account credits to borrowers with outstanding balances. The consent order also requires USASF to pay a civil money penalty of $25,000 to the Bureau. The consent order prohibits USASF from collecting on or selling the loans purchased from Easy Military Travel. The consent order also requires USASF to establish and update reasonable written policies and procedures for the accuracy and integrity of consumer information it furnishes to consumer reporting agencies. Consumer Financial Protection Bureau Settles with Military Travel Lender and Servicer",,,https://www.consumerfinance.gov/enforcement/actions/usa-service-finance-llc/,true,,exact
monster-loans-lend-tech-loans-and-associated-student-loan-debt-relief-companies,2020-01-09,"Monster Loans, Lend Tech Loans, and Student Loan Debt Relief Companies",,,"On January 9, 2020, the Bureau filed a lawsuit in the U.S. District Court for the Central District of California against Chou Team Realty, LLC, d/b/a Monster Loans, Lend Tech Loans, associated student loan debt-relief companies and individuals.",,,https://www.consumerfinance.gov/enforcement/actions/monster-loans-lend-tech-loans-and-associated-student-loan-debt-relief-companies/,false,company-unresolved:no-match,no-match
citizens-bank,2020-01-30,"Citizens Bank, N.A.",,,"On January 30, 2020, the Bureau filed a lawsuit against Citizens Bank, N.A. (Citizens), alleging violations of the Truth and Lending Act (TILA) and its implementing Regulation Z, including TILA provisions passed under the Fair Credit Billing Act (FCBA) and Credit Card Accountability Responsibility and Disclosure Act (CARD Act), as well as violations of the Consumer Financial Protection Act of 2010 (CFPA) due to its violations of TILA and Regulation Z.",,,https://www.consumerfinance.gov/enforcement/actions/citizens-bank/,false,company-unresolved:no-match,no-match
candy-kern-fuller-howard-sutter-iii-and-upstate-law-group-llc,2020-02-20,"Candy Kern-Fuller, Howard Sutter III, and Upstate Law Group LLC",,,"On February 20, 2020, the Bureau, the South Carolina Department of Consumer Affairs, and the State of Arkansas Attorney General Leslie Rutledge filed a...",,,https://www.consumerfinance.gov/enforcement/actions/candy-kern-fuller-howard-sutter-iii-and-upstate-law-group-llc/,false,company-unresolved:no-match,no-match
fifth-third-bank-national-association,2020-03-09,"Fifth Third Bank, National Association",,,"On March 9, 2020, the Bureau filed a lawsuit in federal district court in the Northern District of Illinois against Fifth Third Bank, National Association.",,,https://www.consumerfinance.gov/enforcement/actions/fifth-third-bank-national-association/,false,company-unresolved:no-match,no-match
cottonwood-financial-ltd,2020-04-01,"Cottonwood Financial, Ltd., d/b/a Cash Store",cottonwood-financial,,"On April 1, 2020, the Consumer Financial Protection Bureau (Bureau) issued a consent order against Cottonwood Financial, Ltd., which does business under the name Cash Store. Cash Store is based in Irving, Texas and owns and operates roughly 340 retail lending outlets in Idaho, Illinois, Michigan, New Mexico, Texas, Utah, and Wisconsin. The Bureau found that in the course of marketing, servicing, and collecting on high-interest payday, auto-title, and unsecured consumer-installment loans Cash Store violated the Consumer Financial Protection Act (CFPA), Fair Credit Reporting Act (FCRA), and Truth in Lending Act (TILA). The consent order requires Cash Store to pay $286,675.64 in consumer redress and a civil money penalty of $1,100,000. The consent order also prohibits Cash Store from certain collection practices and requires it to ensure that its employees respond accurately when asked about its loans’ fees. Consumer Financial Protection Bureau Settles with Short-Term Lender for Unfair and Deceptive Acts and Practices",,,https://www.consumerfinance.gov/enforcement/actions/cottonwood-financial-ltd/,true,,exact
specialized-loan-servicing-llc,2020-05-11,"Specialized Loan Servicing, LLC",specialized-loan-servicing,,"On May 11 2020, the Consumer Financial Protection Bureau (Bureau) issued a consent order against Specialized Loan Servicing, LLC (SLS), a mortgage-loan servicer in Colorado. As of February 29, 2020, SLS serviced a portfolio of mortgage loans worth about $112.69 billion. The Bureau’s investigation found that since January 2014, SLS violated the Real Estate Settlement Procedures Act (RESPA), its implementing regulation, Regulation X, and the Consumer Financial Protection Act of 2010 (CFPA) by taking prohibited foreclosure actions against mortgage borrowers who were entitled to protection from foreclosure, and by failing to send or to timely send evaluation notices to mortgage borrowers who were entitled to them. In some cases, SLS obtained foreclosure judgments and conducted foreclosure sales on borrowers’ homes when Regulation X would have entitled the borrowers to protection from foreclosure had SLS complied with that rule. The consent order requires SLS to pay $775,000 in monetary relief to consumers, waive $500,000 in borrower deficiencies, pay a $250,000 civil money penalty, and implement procedures to ensure compliance with RESPA and Regulation X. Consumer Financial Protection Bureau Settles with Specialized Loan Servicing, LLC Submit docket information for any ongoing administrative adjudication process, or request information related to the docket or the function of the CFPB’s administrative law judge (ALJ).",,,https://www.consumerfinance.gov/enforcement/actions/specialized-loan-servicing-llc/,true,,exact
commonwealth-equity-group-dba-key-credit-repair-nikitas-tsoukales,2020-05-22,"Commonwealth Equity Group, LLC (d/b/a Key Credit Repair); Nikitas Tsoukales (a/k/a Nikitas Tsoukalis)",,,"On May 22, 2020, the Bureau and Commonwealth of Massachusetts Attorney General Maura Healey jointly filed a lawsuit against Commonwealth Equity Group, LLC, which does business as Key Credit Repair, and Nikitas Tsoukales (also known as Nikitas Tsoukalis), Key Credit Repair’s president and owner.",,,https://www.consumerfinance.gov/enforcement/actions/commonwealth-equity-group-dba-key-credit-repair-nikitas-tsoukales/,false,company-unresolved:no-match,no-match
main-street-et-al,2020-06-02,"Main Street Personal Finance, Inc., ACAC, Inc. d/b/a Approved Cash Advance, and Quik Lend, Inc.",main-street-personal-finance,,"On June 2, 2020, the Consumer Financial Protection Bureau (Bureau) announced a settlement with Main Street Personal Finance, Inc. and its subsidiaries—ACAC, Inc., which conducts business under the name Approved Cash Advance, and Quik Lend, Inc.–(collectively, Approved Cash). The companies, which are based in Cleveland, Tennessee, offer payday and auto-title loans and own and operate 156 stores in eight different states: Alabama, Louisiana, Michigan, Mississippi, Oklahoma, South Carolina, Tennessee, and Virginia. The Bureau found that Approved Cash provided deceptive finance charge disclosures in violation of the Consumer Financial Protection Act (CFPA) and the Truth in Lending Act (TILA), violated the CFPA and TILA by failing to refund overpayments on its loans, and violated the CFPA by engaging in unfair debt collections practices. The consent order imposes a judgment against Approved Cash of approximately $3.5 million in redress, which amount is suspended upon its payment of $2 million of that judgment and $1 civil money penalty to the Bureau based on Approved Cash’s demonstrated inability to pay. The consent order also prohibits Approved Cash from misrepresenting finance charges in its auto-title pledge transactions, requires it to ensure that consumers with credit balances over $1 are refunded timely, and prohibits it from engaging in the unlawful debt collections practices in which it was engaging. Consumer Financial Protection Bureau Settles with Short-term Lenders for Engaging in Unfair and Deceptive Acts and Practices",,,https://www.consumerfinance.gov/enforcement/actions/main-street-et-al/,true,,exact
harbour-portfolio-advisors-llc-et-al,2020-06-23,"Harbour Portfolio Advisors, LLC; National Asset Advisors, LLC; and National Asset Mortgage, LLC",harbour-portfolio-advisors,,"On June 23, 2020, the Consumer Financial Protection Bureau settled with Harbour Portfolio Advisors, LLC (Harbour); National Asset Advisors, LLC (NAA); and National Asset Mortgage, LLC (NAM), companies that worked together to issue contracts for deeds to consumers. Between 2012 and 2016, several thousand consumers initiated contracts for deeds with Harbour. The Bureau found that during this period, when consumers called NAA or NAM to complain about errors on their consumer reports relating to their financing with Harbour, they were sometimes told that they had to file a dispute with the consumer-reporting agency. These representations were inaccurate and constituted deceptive acts and practices in violation of the Consumer Financial Protection Act. The Bureau also found that NAM lacked adequate policies and procedures to protect the accuracy and integrity of information furnished to consumer-reporting agencies, in violation of Regulation V. Under the settlement, Harbour will pay a $25,000 civil money penalty to the Bureau, and NAA and NAM will jointly pay a $10,000 civil money penalty to the Bureau. The companies also agreed not to misrepresent or assist others in misrepresenting, expressly or impliedly, how consumers can resolve errors in their consumer reports or any other material fact concerning their consumer reports. Consumer Financial Protection Bureau Settles with Contract for Deed Companies for Engaging in Deceptive Acts and Practices and Violating Credit Reporting Rules Stipulation - National Asset Advisors, LLC, and National Asset Mortgage, LLC",,,https://www.consumerfinance.gov/enforcement/actions/harbour-portfolio-advisors-llc-et-al/,true,,exact
my-loan-doctor-llc-edgar-radjabli,2020-07-06,My Loan Doctor LLC and Edgar Radjabli,,,"On July 6, 2020, the Consumer Financial Protection Bureau (Bureau) filed a lawsuit against My Loan Doctor LLC, a Delaware company operating in West Palm Beach, Florida and New York City and doing business as Loan Doctor (Loan Doctor), and its founder, Edgar Radjabli.",,,https://www.consumerfinance.gov/enforcement/actions/my-loan-doctor-llc-edgar-radjabli/,false,company-unresolved:no-match,no-match
timemark-et-al,2020-07-07,"Timemark, Inc., Timothy Lenihan, Sr., Mark Nagler, and Casey Gassaway",timemark-solutions,,"On July 7, 2020, the Consumer Financial Protection Bureau settled with Timemark, Inc., a company based in Deerfield Beach, Florida, that provides debt-relief services to consumers with federal student-loan debt, and with its owners and officers, Timothy Lenihan, Sr., Mark Nagler, and Casey Gassaway. The Bureau alleged that the defendants charged illegal advance fees in violation of the Telemarketing Sales Rule (TSR) to consumers who were seeking to renegotiate, settle, reduce, or alter the terms of their loans. If entered by the court, the proposed order memorializing the settlement will permanently ban defendants from providing debt-relief services and impose a judgment totaling approximately $3.8 million in consumer redress and civil money penalties. Consumer Financial Protection Bureau Takes Action Against Student-Loan Debt-Relief Business and Its Owners for Taking Illegal Advance Fees",,,https://www.consumerfinance.gov/enforcement/actions/timemark-et-al/,true,,unique-prefix
gst-factoring-inc-et-al,2020-07-13,"GST Factoring, Inc., Champion Marketing Solutions, LLC, Rick Graff, Gregory Trimarche, Scott Freda, Amanda Johanson, David Mize, Jacob Slaughter, and Daniel Ruggiero",,,"On July 13, 2020, the Bureau filed a complaint in the federal district court for the Central District of California against GST Factoring, Inc., which runs a student-loan debt-relief business in Texas, and two of its owners, Rick Graff and Gregory Trimarche, as well as Champion Marketing Solutions, LLC, a customer service and marketing company, and its owner, Scott Freda. The Bureau also filed suit against four attorneys, California attorneys Amanda Johanson and Jacob Slaughter, Arizona attorney David Mize, and Florida attorney Daniel Ruggiero.",,,https://www.consumerfinance.gov/enforcement/actions/gst-factoring-inc-et-al/,false,company-unresolved:no-match,no-match
townstone-financial-inc-and-barry-sturner,2020-07-15,"Townstone Financial, Inc. and Barry Sturner",townstone-financial,,"On July 15, 2020, the Bureau filed a lawsuit against Townstone Financial, Inc., a nonbank retail-mortgage creditor and broker based in Chicago, Illinois, alleging violations under the Equal Credit Opportunity Act, its implementing regulation, Regulation B, and the Consumer Financial Protection Act of 2010. On November 25, 2020, the Bureau filed an amended complaint, which added as a defendant Barry Sturner, Townstone’s cofounder, sole owner, and sole director, as the alleged fraudulent transferee of more than $2.4 million from Townstone. On November 7, 2024, the court entered a stipulated final judgment and order against Townstone, which imposed injunctive relief and a civil money penalty. On the same day, pursuant to the parties’ stipulation, the court dismissed the Bureau’s claim against Sturner. On March 26, 2025, the parties jointly moved the court to vacate the stipulated final judgment and order on the grounds that there were significant undisclosed problems with the Bureau’s treatment of the case, resulting in unmerited investigation and litigation and the infringement of the defendants’ First Amendment rights. The court denied the motion on June 12, 2025. U.S. Court of Appeals Opinion (This version has been modified from the version that was entered by the court in order to optimize the reading experience for individuals with disabilities. No text has been changed.) Stipulated Dismissal - Sturner (This version has been modified from the version that was submitted to or entered by the court in order to optimize the reading experience for individuals with disabilities. No text has been changed.) Stipulated Final Judgment and Order (This version has been modified from the version that was entered by the court in order to optimize the reading experience for individuals with disabilities. No text has been changed.) Joint Rule 60(b)(b) Motion for Relief from and Vacatur of the Stipulated Final Judgment and Order Memorandum in Support of Joint Motion for Relief from and Vacatur of the Stipulated Final Judgment and Order Declaration of Dan Bishop in Support of Joint Motion for Relief from and Vacatur of the Stipulated Final Judgment and Order Consumer Financial Protection Bureau Files Suit Against Mortgage Creditor for Discriminatory Mortgage-Lending Practices (Archived) CFPB Takes Action to Address Townstone Financial’s Unlawful Redlining (Archived)",,,https://www.consumerfinance.gov/enforcement/actions/townstone-financial-inc-and-barry-sturner/,true,,exact
sovereign-lending-group-inc,2020-07-24,"Sovereign Lending Group, Inc.",sovereign-lending-group,,"On July 24, 2020, the Consumer Financial Protection Bureau (Bureau) issued a consent order against Sovereign Lending Group, Inc. (Sovereign), a California corporation that is licensed as a mortgage broker or lender in about 44 states and the District of Columbia. Sovereign offers and provides mortgage loans guaranteed by the United States Department of Veterans Affairs (VA). Sovereign’s principal means of advertising is through direct-mail campaigns targeted primarily at United States military servicemembers and veterans. The Bureau found that Sovereign sent consumers hundreds of thousands of mailers for VA-guaranteed mortgages that contained false, misleading, and inaccurate statements or that lacked required disclosures, in violation of the Consumer Financial Protection Act’s (CFPA) prohibition against deceptive acts and practices, the Mortgage Acts and Practices–Advertising Rule (MAP Rule), and Regulation Z. Specifically, Sovereign sent consumers numerous advertisements for VA-guaranteed mortgages that, among other things, misrepresented the credit terms of the advertised mortgage, misleadingly described an adjustable-rate mortgage as having a “fixed” rate, falsely stated that the consumer had been prequalified for the advertised mortgage, created the false impression that Sovereign was affiliated with the government, used the name of the consumer’s current lender in a misleading way, and failed to include multiple disclosures required by Regulation Z. The consent order requires Sovereign to pay a $460,000 civil money penalty and imposes requirements to prevent future violations. This action stems from a Bureau sweep of investigations of multiple mortgage companies that use deceptive mailers to advertise VA-guaranteed mortgages. On July 24, 2020, the Bureau issued a consent order against Prime Choice Funding, Inc., a California corporation, for similar violations. Consumer Financial Protection Bureau Settles with Mortgage Companies to Address Deceptive Loan Advertisements Sent to Servicemembers and Veterans",,,https://www.consumerfinance.gov/enforcement/actions/sovereign-lending-group-inc/,true,,exact
prime-choice-funding-inc,2020-07-24,"Prime Choice Funding, Inc.",prime-choice-funding,,"On July 24, 2020, the Consumer Financial Protection Bureau (Bureau) issued a consent order against Prime Choice Funding, Inc. (Prime Choice), a California corporation that is licensed as a mortgage broker or lender in about 35 states and the District of Columbia. Prime Choice offers and provides mortgage loans guaranteed by the United States Department of Veterans Affairs (VA). Prime Choice’s principal means of advertising VA-guaranteed loans is through direct-mail campaigns sent primarily to United States military servicemembers and veterans. The Bureau found that Prime Choice sent consumers millions of mailers for VA-guaranteed mortgages that contained false, misleading, and inaccurate statements or that lacked required disclosures, in violation of the Consumer Financial Protection Act’s (CFPA) prohibition against deceptive acts and practices, the Mortgage Acts and Practices – Advertising Rule (MAP Rule), and Regulation Z. Specifically, Prime Choice sent consumers numerous advertisements for VA-guaranteed mortgages that, among other things, misrepresented the credit terms of the advertised mortgage, misleadingly described an adjustable-rate mortgage as having a “fixed” rate, falsely stated that the consumer had been prequalified for the advertised mortgage, created the false impression that Prime Choice was affiliated with the government, used the name of the consumer’s current lender in a misleading way, and failed to include multiple disclosures required by Regulation Z. The consent order requires Prime Choice to pay a $645,000 civil money penalty and imposes requirements to prevent future violations. This action stems from a Bureau sweep of investigations of multiple mortgage companies that use deceptive mailers to advertise VA-guaranteed mortgages. On July 24, 2020, the Bureau issued a consent order against Sovereign Lending Group, Inc., a California corporation, for similar violations. Consumer Financial Protection Bureau Settles with Mortgage Companies to Address Deceptive Loan Advertisements Sent to Servicemembers and Veterans",,,https://www.consumerfinance.gov/enforcement/actions/prime-choice-funding-inc/,true,,exact
td-bank-na,2020-08-20,"TD Bank, N.A.",td-bank-us-holding,,"On August 20, 2020, the Bureau issued a consent order against TD Bank, N.A. regarding its marketing and sale of its optional overdraft service: Debit Card Advance (DCA). TD Bank is headquartered in Cherry Hill, New Jersey, and operates about 1,250 locations throughout much of the eastern part of the country. The Bureau found that TD Bank’s overdraft enrollment practices violated the Electronic Fund Transfer Act (EFTA) and Regulation E by charging consumers overdraft fees for ATM and one-time debit card transactions without obtaining their affirmative consent. The Bureau found that TD Bank violated the CFPA’s prohibition against deceptive acts or practices by making misleading representations to consumers regarding DCA while offering that service to consumers in person, over the phone, and through mailed solicitations. The Bureau also found that TD Bank violated the CFPA’s prohibition against abusive acts or practices by materially interfering with consumers’ ability to understand the terms and conditions of DCA. The Bureau also found that TD Bank engaged in practices prohibited by the Fair Credit Reporting Act (FCRA) and its implementing Regulation V. The order requires TD Bank to comply with the EFTA, FCRA, and CFPA, and orders TD Bank to pay an estimated $97 million in restitution to certain consumers TD Bank enrolled in its DCA service and pay a $25 million civil money penalty. Consumer Financial Protection Bureau Announces Settlement with TD Bank for Illegal Overdraft Practices",,,https://www.consumerfinance.gov/enforcement/actions/td-bank-na/,true,,unique-prefix
go-direct-lenders-inc,2020-08-21,"Go Direct Lenders, Inc.",,,"On August 21, 2020, the Consumer Financial Protection Bureau (Bureau) issued a consent order against Go Direct Lenders, Inc. (Go Direct), a California corporation that is licensed as a mortgage broker or lender in about 11 states.",,,https://www.consumerfinance.gov/enforcement/actions/go-direct-lenders-inc/,false,company-unresolved:no-match,no-match
phloans,2020-08-26,"PHLoans.com, Inc.",,,"On August 26, 2020, the Consumer Financial Protection Bureau (Bureau) issued a consent order against PHLoans.com, Inc. (PHLoans), a California corporation that is licensed as a mortgage broker or lender in about 11 states.",,,https://www.consumerfinance.gov/enforcement/actions/phloans/,false,company-unresolved:no-match,no-match
trans-fast-remittance-llc,2020-08-31,Trans-Fast Remittance LLC,trans-fast-remittance,,"On August 31, 2020, the Bureau issued a Consent Order against Trans-Fast Remittance LLC (Trans-Fast). Trans-Fast, which until recently was a remittance transfer provider, is based in New York, New York and licensed in over 30 states. The Bureau found that Trans-Fast violated the Electronic Fund Transfer Act and the Remittance Transfer Rule by failing to adhere to error resolution requirements and properly respond to cancellation requests, failing to provide required refunds, failing to maintain required policies and procedures, and failing to provide required disclosures. The Bureau also found that Trans-Fast engaged in deceptive acts or practices in violation of the Consumer Financial Protection Act of 2010 by making misleading statements in advertisements regarding the speed of its remittance transfers, and making misleading statements in disclosures purporting to limit consumers’ error resolution rights. If Trans-Fast resumes offering remittance transfers, the consent order requires Trans-Fast to adopt a compliance plan to ensure that its remittance transfer acts and practices comply with all applicable Federal consumer financial laws and the consent order. The order also requires Trans-Fast to pay a civil money penalty of $1.6 million. Consumer Financial Protection Bureau Settles with Remittance Transfer Providers for Remittance Transfer Rule Violations",,,https://www.consumerfinance.gov/enforcement/actions/trans-fast-remittance-llc/,true,,exact
sigue-corporation-sgs-corporation-groupex-corporation,2020-08-31,"Sigue Corporation, SGS Corporation, and GroupEx Corporation",sigue,,"On August 31, 2020, the Bureau issued a consent order against Sigue Corporation and its subsidiaries, SGS Corporation and GroupEx Corporation, which are all headquartered in Sylmar, California and provide consumers with international money-transfer services, including remittance-transfer services. Sigue and its subsidiaries have a distribution network with over 200,000 send-and-receive locations, offices in 18 countries, and operations in all 50 states. Sigue and its subsidiaries provide remittance transfers to consumers using their retail branches and a network of agents, including convenience stores, supermarkets, and other retail establishments. The Bureau found that Sigue and its subsidiaries violated the Electronic Fund Transfer Act and the Remittance Transfer Rule by failing to provide numerous required disclosures. In some cases involving money-transfer errors, consumers were entitled to notice that a fee refund was available, and Sigue, SGS, and GroupEX failed to notify consumers that they were entitled to refunds. The consent order requires Sigue and its subsidiaries to reserve about $100,000 for redress to consumers and pay a $300,000 civil money penalty. Sigue and its subsidiaries also must implement and maintain written policies and procedures and a compliance-management system that are designed to ensure compliance with the Remittance Transfer Rule. Consumer Financial Protection Bureau Settles with Remittance Transfer Providers for Remittance Transfer Rule Violations",,,https://www.consumerfinance.gov/enforcement/actions/sigue-corporation-sgs-corporation-groupex-corporation/,true,,exact
service-1st-mortgage-inc,2020-09-01,"Service 1st Mortgage, Inc.",service-1st-mortgage,,"On September 1, 2020, the Consumer Financial Protection Bureau (Bureau) issued a consent order against Service 1st Mortgage, Inc. (Service 1st), a Maryland-based corporation that is licensed as a mortgage broker or lender in about 12 states. Service 1st offers and provides mortgage loans guaranteed by the United States Department of Veterans Affairs (VA). Service 1st’s principal means of advertising VA-guaranteed loans is through direct-mail campaigns sent primarily to United States military servicemembers and veterans. The Bureau found that since December 2015, Service 1st disseminated advertisements that contained false, misleading, and inaccurate statements or that failed to include required disclosures, in violation of the Consumer Financial Protection Act’s (CFPA) prohibition against deceptive acts and practices, the Mortgage Acts and Practices—Advertising Rule (MAP Rule), and Regulation Z. For example, Service 1st advertised specific credit terms, such as APRs and hypothetical payment amounts that it was not prepared to offer, or that it could only offer for an introductory period but advertised as if they were permanent loan terms. Service 1st also used terms that falsely represented or implied that Service 1st was affiliated with the government, including the VA. Service 1st also sent advertisements representing that a consumer could “[s]kip two payments” or “miss” two payments by refinancing with the company, but it did not disclose the limitations on this option, or that the skipped or missed payments would be added to the principal balance of the consumer’s loan. Its advertisements also falsely stated: “the Economic Stimulus Program will end soon. There is currently no plan to extend the Stimulus Program.” Finally, many Service 1st advertisements included claims or terms that require additional disclosures, but Service 1st failed to make these disclosures. The consent order requires Service 1st to pay a $230,000 civil money penalty and imposes requirements to prevent future violations. This action stems from a Bureau sweep of investigations of multiple mortgage companies that use deceptive mailers to advertise VA-guaranteed mortgages. On July 24, 2020, the Bureau announced consent orders against Sovereign Lending Group, Inc., and Prime Choice Funding, Inc.; on August 21, 2020, the Bureau announced a consent order against Go Direct Lenders, Inc.; o",,,https://www.consumerfinance.gov/enforcement/actions/service-1st-mortgage-inc/,true,,exact
hypotec-inc,2020-09-01,"Hypotec, Inc.",hypotec,,"On September 1, 2020, the Consumer Financial Protection Bureau (Bureau) issued a consent order against Hypotec, Inc., a Miami-based corporation that is licensed as a mortgage broker or lender in eight states. Hypotec offers and provides mortgage loans guaranteed by the United States Department of Veterans Affairs (VA). Hypotec advertises its VA-guaranteed loans to United States military servicemembers and veterans through direct-mail campaigns. The Bureau found that, since 2016, Hypotec disseminated advertisements that contained false, misleading, and inaccurate statements or that failed to include required disclosures, in violation of the Consumer Financial Protection Act’s (CFPA) prohibition against deceptive acts and practices, the Mortgage Acts and Practices—Advertising Rule (MAP Rule), and Regulation Z. For example, Hypotec advertised specific credit terms, such as interest rates, APRs, and hypothetical payment amounts that it was not prepared to offer, or that it could only offer for an introductory period but advertised as if they were permanent loan terms. Hypotec’s advertisements also used phrasing and formatting that falsely represented or implied that Hypotec was affiliated with the government, including the VA. In addition, Hypotec stated that it would pay an estimated escrow refund of a specific amount if the consumer refinanced through Hypotec, even though the advertised escrow refund amount was calculated using a method that had no bearing on the actual escrow refund amount, and customers were required to fund a new escrow account upon generating a new loan. Hypotec advertisements also falsely stated: “the Economic Stimulus Program will end soon. There is currently no plan to extend the Stimulus Program.” Finally, many Hypotec advertisements included claims or terms that require additional disclosures, but Hypotec failed to make these disclosures. The consent order against Hypotec requires Hypotec to pay a civil penalty of $50,000 and imposes requirements to prevent future violations. This action stems from a Bureau sweep of investigations of multiple mortgage companies that use deceptive mailers to advertise VA-guaranteed mortgages. On July 24, 2020, the Bureau announced consent orders against Sovereign Lending Group, Inc., and Prime Choice Funding, Inc.; on August 21, 2020, the Bureau announced a consent order against Go Direct Lenders, Inc.",,,https://www.consumerfinance.gov/enforcement/actions/hypotec-inc/,true,,exact
accelerate-mortgage-llc,2020-09-02,"Accelerate Mortgage, LLC",accelerate-mortgage,,"On September 2, 2020, the Consumer Financial Protection Bureau issued a consent order against Accelerate Mortgage, LLC (Accelerate), a Delaware limited liability corporation that is licensed as a mortgage broker and lender in about 31 states.",,,https://www.consumerfinance.gov/enforcement/actions/accelerate-mortgage-llc/,false,no-narrative-complaints,exact
encore-capital-group-et-al,2020-09-08,"Encore Capital Group, Midland Funding, Midland Credit Management, and Asset Acceptance Capital Corp.",encore-capital-group,,"On September 8, 2020, the Consumer Financial Protection Bureau (Bureau) filed suit in federal district court in the Southern District of California against Encore Capital Group, Inc., and its subsidiaries, Midland Funding, LLC; Midland Credit Management, Inc.; and Asset Acceptance Capital Corp. The companies are headquartered in San Diego, California and together comprise the largest debt collector and debt buyer in the United States, with annual revenue exceeding $1 billion and annual net income exceeding $75 million. Encore and its subsidiaries are currently subject to a 2015 consent order with the Bureau based on the Bureau’s previous findings that they violated the Consumer Financial Protection Act (CFPA), Fair Debt Collection Practices Act (FDCPA), and the Fair Credit Reporting Act. The Bureau alleged that Encore and its subsidiaries have violated the terms of this consent order and again violated the FDCPA and CFPA. On October 16, 2020, the court entered a stipulated final judgment and order that requires Encore and its subsidiaries to pay $79,308.81 in redress to consumers and a $15 million civil money penalty. The settlement also requires Encore and its subsidiaries to make various material disclosures to consumers, refrain from the collection of time-barred debt absent certain disclosures to consumers, and abide by certain conduct provisions in the 2015 consent order for five more years. Consumer Financial Protection Bureau Settles Lawsuit with Debt Collectors and Debt Buyers Encore Capital Group, Midland Funding, Midland Credit Management, and Asset Acceptance Capital Corp. Consumer Financial Protection Bureau Sues Debt Collectors and Debt Buyers Encore Capital Group, Midland Funding, Midland Credit Management, and Asset Acceptance Capital Corp.",,,https://www.consumerfinance.gov/enforcement/actions/encore-capital-group-et-al/,true,,exact
jpl-recovery-solutions-llc-et-al,2020-09-08,"JPL Recovery Solutions, LLC; Check Security Associates, LLC (dba Warner Location Services, Pinnacle Location Services, and Orchard Payment Processing Systems); ROC Asset Solutions LLC (dba API Recovery Solutions and Northern Information Services); Regency",jpl-recovery-solutions,,"On September 8, 2020, the Consumer Financial Protection Bureau (Bureau), in partnership with the New York Attorney General, filed suit in the federal district court for the Western District of New York against a network of five different companies based outside of Buffalo, New York, two of their owners, and two of their managers, for their participation in a debt-collection operation using illegal methods to collect debts. As set forth in the amended complaint filed on December 20, 2021, the company defendants are: JPL Recovery Solutions, LLC; Regency One Capital LLC; ROC Asset Solutions LLC, which does business as API Recovery Solutions; Check Security Associates LLC, which does business as Warner Location Services and Orchard Payment Processing Systems; Keystone Recovery Group; and Blue Street Asset Partners, Inc. The individual defendants are Christopher Di Re, Scott Croce, and Susan Croce, who have held ownership interests in some or all of the defendant companies, and Brian Koziel and Marc Gracie, who are members of Keystone Recovery Group, and have acted as managers of some or all of the defendant companies. Susan Croce is also a relief defendant. The complaint alleged that from at least 2015 through the present, the defendants have participated in a debt-collection operation that has used deceptive, harassing, and improper methods to induce consumers to make payments to them in violation of the Fair Debt Collection Practices Act and the Consumer Financial Protection Act of 2010. On May 25, 2022, the court entered a stipulated judgment which requires the defendants to pay $4 million in civil money penalties split between the Bureau and New York, which increases to $5 million if they fail to make timely payment. The judgment also permanently bans them from being debt collectors and prohibits them from engaging in deceptive practices in connection with consumer financial products or services. Consumer Financial Protection Bureau and New York Attorney General Take Action Against Debt-Collection Operation and Its Owners and Managers CFPB and New York Attorney General Shut Down Debt Collection Ring",,,https://www.consumerfinance.gov/enforcement/actions/jpl-recovery-solutions-llc-et-al/,true,,exact
clearpath-lending-inc,2020-09-14,"ClearPath Lending, Inc.",clearpath-lending,,"On September 14, 2020, the Consumer Financial Protection Bureau (Bureau) issued a consent order against ClearPath Lending, Inc. (ClearPath), a California corporation that is licensed as a mortgage broker or lender in about 22 states. ClearPath offers and provides mortgage loans guaranteed by the United States Department of Veterans Affairs (VA). ClearPath’s principal means of advertising VA-guaranteed loans is through direct-mail campaigns sent primarily to United States military servicemembers and veterans. The Bureau found that ClearPath sent consumers mailers for VA-guaranteed mortgages that contained false, misleading, and inaccurate statements or that lacked required disclosures, in violation of the Consumer Financial Protection Act’s (CFPA) prohibition against deceptive acts and practices, the Mortgage Acts and Practices—Advertising Rule (MAP Rule), and Regulation Z. Specifically, ClearPath sent consumers numerous advertisements for VA-guaranteed mortgages that, among other things, misrepresented the credit terms of the advertised mortgage and failed to include disclosures required by Regulation Z. The consent order requires ClearPath to pay a $625,000 civil money penalty and imposes requirements to prevent future violations. This action stems from a Bureau sweep of investigations of multiple mortgage companies that use deceptive mailers to advertise VA-guaranteed mortgages. On July 24, 2020, the Bureau announced consent orders against Sovereign Lending Group, Inc., and Prime Choice Funding, Inc.; on August 21, 2020, the Bureau announced a consent order against Go Direct Lenders, Inc.; on August 26, 2020, the Bureau announced a consent order against PHLoans.com, Inc.; on September 1, 2020, the Bureau announced consent orders against Hypotec, Inc. and Service 1st Mortgage, Inc.; and on September 2, 2020, the Bureau announced a consent order against Accelerate Mortgage, LLC for similar violations. The Bureau commenced this sweep in response to concerns about potentially unlawful advertising in the market that the VA identified. Consumer Financial Protection Bureau Settles with Eighth Mortgage Company to Address Deceptive Loan Advertisements Sent to Servicemembers and Veterans",,,https://www.consumerfinance.gov/enforcement/actions/clearpath-lending-inc/,true,,exact
peaks-trust,2020-09-15,PEAKS Trust 2009-1 et al.,,,"On September 15, 2020, the Consumer Financial Protection Bureau (Bureau) filed a proposed stipulated judgment against PEAKS Trust 2009-1, along with Deutsche Bank National Trust Company, Deutsche Bank Trust Company Delaware, and Deutsche Bank Trust Company Americas, in their capacity as trustees to PEAKS Trust 2009-1 (collectively, PEAKS).",,,https://www.consumerfinance.gov/enforcement/actions/peaks-trust/,false,company-unresolved:no-match,no-match
lobel-financial-corporation,2020-09-21,Lobel Financial Corporation,lobel-financial,,"On September 21, 2020, the Bureau issued a consent order against Lobel Financial Corporation, an auto-loan servicer based in Anaheim, California. The Bureau found that Lobel engaged in unfair practices with respect to its Loss Damage Waiver (LDW) product, in violation of the Consumer Financial Protection Act (CFPA). When a borrower has insufficient insurance, rather than force-placing collateral-protection insurance, Lobel places the LDW product, which is not itself insurance, on borrower accounts and charges a monthly premium. The LDW product provides that Lobel will pay for the cost of covered repairs and, in the event of a total vehicle loss, cancel the borrower’s debt. The Bureau’s investigation found that, since 2012, Lobel charged customers LDW premiums after they had become ten-days delinquent on their auto loans but did not provide them with LDW coverage. The Bureau also found that Lobel charged some customers LDW-related fees that Lobel had not disclosed in its LDW contract and that these practices were unfair under the CFPA. The order requires Lobel to pay $1,345,224 in consumer redress to approximately 4,000 harmed consumers and a $100,000 civil money penalty. The order also prohibits Lobel from failing to provide consumers with LDW coverage or similar products or services for which it has charged consumers or from charging consumers fees that are not authorized by its LDW contracts. Consumer Financial Protection Bureau Settles with Auto Lender for Unfair Loss Damage Waiver Practices",,,https://www.consumerfinance.gov/enforcement/actions/lobel-financial-corporation/,true,,exact
nissan-motor-acceptance-corporation,2020-10-13,Nissan Motor Acceptance Corporation,nissan-motor-acceptance,,"On October 13, 2020, the Consumer Financial Protection Bureau (Bureau) issued a consent order against Nissan Motor Acceptance Corporation (Nissan), an auto financing subsidiary of Nissan North America, Inc., which services auto loans and leases originated by Nissan and Infiniti dealerships nationwide. Nissan’s servicing operations are headquartered in Irving, Texas. The Bureau found that Nissan and its agents: wrongfully repossessed vehicles; kept personal property in consumers’ repossessed vehicles until consumers paid a storage fee; deprived consumers paying by phone of the ability to select payment options with significantly lower fees and, in its loan extension agreements, made a deceptive statement that appeared to limit consumers’ bankruptcy protections. These actions violated the Consumer Financial Protection Act’s (CFPA) prohibition against unfair and deceptive acts and practices. The consent order requires Nissan to provide up to $1 million of cash redress to consumers subject to a wrongful repossession, credit any outstanding account charges associated with a wrongful repossession, and to pay a civil money penalty of $4 million. It also imposes certain requirements to prevent future violations and remediate consumers whose vehicles are wrongfully repossessed going forward. Consumer Financial Protection Bureau Settles with Nissan Motor Acceptance Corporation for Illegal Collections and Repossession Practices",,,https://www.consumerfinance.gov/enforcement/actions/nissan-motor-acceptance-corporation/,true,,exact
low-va-rates-llc,2020-10-26,"Low VA Rates, LLC",,,"On October 26, 2020, the Consumer Financial Protection Bureau (Bureau) issued a consent order against Low VA Rates, LLC (Low VA Rates), a Utah-based mortgage lender and broker incorporated in Colorado and licensed in 48 states and the District of Columbia.",,,https://www.consumerfinance.gov/enforcement/actions/low-va-rates-llc/,false,company-unresolved:no-match,no-match
washington-federal-na,2020-10-27,"Washington Federal Bank, N.A.",,,"On October 27, 2020, the Bureau issued an order against Washington Federal Bank, N.A., a federally insured, for-profit national bank headquartered in Seattle, Washington.",,,https://www.consumerfinance.gov/enforcement/actions/washington-federal-na/,false,company-unresolved:no-match,no-match
smart-payment-plan-llc,2020-11-02,"SMART Payment Plan, LLC",,,"On November 2, 2020, the Bureau issued a consent order against SMART Payment Plan, LLC (SMART), a limited liability company with its principal place of business in Austin, Texas.",,,https://www.consumerfinance.gov/enforcement/actions/smart-payment-plan-llc/,false,company-unresolved:no-match,no-match
performance-slc-llc-performance-settlement-llc-daniel-crenshaw,2020-11-05,"Performance SLC, LLC, Performance Settlement, LLC and Daniel Crenshaw",performance-slc,,"On November 5, 2020, the Bureau filed a lawsuit in the federal district court for the Central District of California against Performance SLC, LLC (PSLC), a California debt-relief business focused on federal student loan debt; Performance Settlement, LLC (PSettlement), a California debt-settlement company; and Daniel Crenshaw, the owner and CEO of the two companies. The Bureau alleged that: PSLC and Crenshaw conducted a student-loan debt-relief business that charged thousands of consumers with federal student-loan debt approximately $9.2 million in illegal upfront fees in violation of the Telemarketing Sales Rule (TSR), to file paperwork on their behalf to apply for programs that were available to them for free from the United States Department of Education; PSLC failed to provide disclosures mandated by the TSR to consumers it required to place funds in trust accounts; Crenshaw and PSettlement used deceptive sales tactics to sign consumers up for PSettlement’s debt-relief services, in violation of the Consumer Financial Protection Act of 2010 (CFPA); and Crenshaw substantially assisted PSLC in requesting or receiving fees illegally and PSettlement in engaging in deceptive acts and practices. On July 6, 2021, the Bureau filed an amended complaint adding a claim against PSettlement alleging it violated the TSR and CFPA when it asked consumers who enrolled in its program to sign a form that preauthorized PSettlement to agree to settlements on the consumer’s behalf. On April 29 2022, the Bureau filed a proposed stipulated judgment and order, which the court entered the same day. The order permanently bans PSLC from debt-relief services; bans Crenshaw from debt-relief services for five years; and permanently enjoins PSettlement from obtaining referrals from companies purporting to make or arrange loans. The order requires Crenshaw to pay a civil money penalty of $30,000, and the companies to pay $1 penalties each, based on their demonstrated inability to pay. It imposes a monetary judgment for redress of $10,448,467.90 for consumers harmed by PSLC and $704,350.30 for consumers harmed by PSettlement. This judgment will be suspended, conditioned on the defendants’ payment of the civil money penalty, among other things, and based on the defendants’ demonstrated inability to pay. Consumer Financial Protection Bureau Takes Action Against Student-Loan Debt-Relief Busin",,,https://www.consumerfinance.gov/enforcement/actions/performance-slc-llc-performance-settlement-llc-daniel-crenshaw/,true,,exact
driver-loan-llc-angelo-jose-sarjeant,2020-11-05,"Driver Loan, LLC, and Angelo Jose Sarjeant",,,"On November 5, 2020, the Consumer Financial Protection Bureau (Bureau) filed a lawsuit against Driver Loan, LLC and its Chief Executive Officer, Angelo Jose Sarjeant, for violations of the Consumer Financial Protection Act of 2010 (CFPA).",,,https://www.consumerfinance.gov/enforcement/actions/driver-loan-llc-angelo-jose-sarjeant/,false,company-unresolved:no-match,no-match
afni-inc,2020-11-12,"Afni, Inc.",afni,,"On November 12, 2020, the Bureau issued a consent order against Afni, Inc. (Afni), a non-bank third-party debt collector based in Illinois that specializes in collecting telecommunications debt. In connection with its collection activities, Afni furnishes credit reporting information to consumer reporting agencies (CRAs) about the consumers and the debts that are the subject of its business. The Bureau found that Afni violated the Fair Credit Reporting Act (FCRA) and its implementing rule, Regulation V, by furnishing information to CRAs that it knew or had reasonable cause to believe was inaccurate; failing to report to CRAs an appropriate date of first delinquency on certain accounts; failing to conduct reasonable investigations of disputes made by consumers both to Afni and to CRAs about furnished information or failing to conduct investigations of disputes made to Afni in a timely manner; failing to send required notices to consumers about the results of such investigations; and failing to establish, implement, and update its policies and procedures regarding its furnishing of consumer information to CRAs. The Bureau also determined, based on these violations of the FCRA and Regulation V, that Afni violated the Consumer Financial Protection Act. The consent order requires Afni to take certain steps to improve and ensure the accuracy of its furnishing and its policies and procedures relating to credit reporting and dispute investigation. It also imposes a $500,000 civil money penalty. Consumer Financial Protection Bureau Announces Settlement with Debt Collector for Credit Reporting Violation",,,https://www.consumerfinance.gov/enforcement/actions/afni-inc/,true,,exact
fdatr-inc-dean-tucci-and-kenneth-wayne-halverson,2020-11-20,"FDATR, Inc.; Dean Tucci; and Kenneth Wayne Halverson",,,"On November 20, 2020, the Consumer Financial Protection Bureau (Bureau) filed a lawsuit against FDATR, Inc. (FDATR), and its owners, Dean Tucci and Kenneth Wayne Halverson.",,,https://www.consumerfinance.gov/enforcement/actions/fdatr-inc-dean-tucci-and-kenneth-wayne-halverson/,false,company-unresolved:no-match,no-match
us-equity-advantage-inc-and-robert-m-steenbergh,2020-11-20,"U.S. Equity Advantage, Inc. and Robert M. Steenbergh",us-equity-advantage,,"On November 20, 2020, the Bureau issued a consent order against U.S. Equity Advantage, Inc. (USEA) and its owner, Robert M. Steenbergh. Robert M. Steenbergh is the founder, sole-owner, and chief executive officer of USEA, a nonbank located in Orlando, Florida. USEA and Steenbergh operate an auto loan payment program called AutoPayPlus that charges fees to deduct payments from consumers’ bank accounts every two weeks and then forwards these payments every month to the consumers’ lenders. The Bureau found that the company’s disclosures and advertisements of its loan payment program contained misleading statements in violation of the Consumer Financial Protection Act of 2010’s prohibition against deceptive acts or practices. The consent order imposes a judgment against them requiring payment of $9,300,000, which amount is suspended based on USEA’s demonstrated inability to pay upon their payment of $900,000 and a $1 civil money penalty to the Bureau. The consent order also contains requirements to prevent future violations. Consumer Financial Protection Bureau Settles with U.S. Equity Advantage, Inc. and Its Owner, Robert M. Steenbergh, for Deceptive Sales Practices",,,https://www.consumerfinance.gov/enforcement/actions/us-equity-advantage-inc-and-robert-m-steenbergh/,true,,exact
dmb-financial-llc,2020-12-01,"DMB Financial, LLC",dmb-financial,,"On December 1, 2020, the Bureau filed a lawsuit in the United States District Court for the District of Massachusetts against DMB Financial, LLC (DMB). DMB, which has its principal place of business in Beverly, Massachusetts, offers to renegotiate, settle, or otherwise alter the terms of unsecured debts owed by consumers to creditors or debt collectors. As alleged in the Bureau’s complaint, since its establishment in 2003, DMB claims to have successfully negotiated and settled over $1 billion of consumer debt for over 30,000 consumers who have enrolled in its debt-settlement or debt-relief programs. The Bureau alleges that in connection with its debt-settlement and debt-relief services, DMB engaged in abusive and deceptive acts or practices in violation of the Telemarketing Sales Rule (TSR) and deceptive acts and practices in violation of the Consumer Financial Protection Act of 2010 (CFPA). The Bureau also alleges that DMB’s alleged TSR violations also constitute violations of the CFPA. On May 19, 2021, the court entered a stipulated final judgment and order that resolved the Bureau’s claims. The settlement requires DMB to pay $7,700,000 in redress to consumers. This amount will be suspended based on DMB’s demonstrated inability to pay and upon its payment of $5,400,000 within an agreed-upon timeframe and a $1 civil money penalty to the Bureau. The settlement also requires DMB to refrain from charging unlawful settlement fees, engaging in specified deceptive practices, or obtaining consumers’ credit reports without a permissible purpose. Consumer Financial Protection Bureau Sues DMB Financial, LLC for Allegedly Violating the Telemarketing Sales Rule and Consumer Financial Protection Act CFPB Takes Action Against Debt-Settlement Company for Charging Consumers Unlawful Fees",,,https://www.consumerfinance.gov/enforcement/actions/dmb-financial-llc/,true,,exact
lendup-loans-llc,2020-12-04,"LendUp Loans, LLC",lendup-loans,,"On December 4, 2020, the Consumer Financial Protection Bureau (Bureau) filed a lawsuit in the United States District Court for the Northern District of California against LendUp Loans, LLC (LendUp). LendUp, which has its principal place of business in Oakland, California, is an online lender that offers single-payment and installment loans to consumers. The Bureau alleged that LendUp violated the Military Lending Act (MLA) in connection with its extensions of credit. The Bureau alleged that since October 2016, LendUp has made over 4,000 single-payment or installment loans to over 1,200 covered borrowers in violation of the MLA. The Bureau specifically alleged that LendUp’s violations of the MLA include extending loans with an annual percentage rate that exceeds the MLA’s 36% cap, extending loans that require borrowers to submit to arbitration, and failing to make certain required loan disclosures. On January 20, 2021, the court entered a stipulated final judgment and order to resolve the lawsuit. The settlement requires LendUp to provide $300,000 in redress to consumers and to pay a $950,000 civil money penalty. The settlement also enjoins LendUp from committing future violations of the MLA and from collecting on, selling, or assigning any debts arising from loans that failed to comply with the MLA. It also requires LendUp to correct or update the information it provided to consumer reporting agencies about affected consumers. Consumer Financial Protection Bureau Settles with Lendup Loans, LLC for Military Lending Act Violations Consumer Financial Protection Bureau Sues LendUp Loans, LLC for Allegedly Violating the Military Lending Act",,,https://www.consumerfinance.gov/enforcement/actions/lendup-loans-llc/,true,,exact
nationstar-mortgage-llc-dba-mr-cooper,2020-12-07,"Nationstar Mortgage, LLC d/b/a Mr. Cooper",nationstar-mortgage,,"On December 7, 2020, the Consumer Financial Protection Bureau (Bureau) filed a complaint and proposed stipulated judgment and order against Nationstar Mortgage, LLC, which does business as Mr. Cooper (Nationstar). The Bureau alleges that Nationstar violated multiple Federal consumer financial laws, causing substantial harm to the borrowers whose mortgage loans it serviced, including distressed homeowners. Nationstar is one of the nation’s largest mortgage servicers and the largest non-bank mortgage servicer in the United States. The proposed judgment and order, which the court entered on December 8, 2020, requires Nationstar to pay approximately $73 million in redress to more than 40,000 harmed borrowers. It also requires Nationstar to pay a $1.5 million civil penalty to the Bureau. Attorneys general from all 50 states and the District of Columbia and bank regulators from 53 jurisdictions covering 48 states and Puerto Rico, the Virgin Islands, and the District of Columbia settled with Nationstar the same day and their settlements are reflected in separate actions, concurrently filed in the United States District Court for the District of Columbia. The orders in the Bureau’s and the States’ actions have yielded nearly $85 million in recoveries for consumers to date and over $6 million more in fees and penalties. They are also part of a larger government effort, which also includes assistance from the Special Inspector General for the Troubled Asset Relief Program (SIGTARP) and the United States Trustee Program, to address Nationstar’s alleged unlawful mortgage loan servicing practices. Consumer Financial Protection Bureau and Multiple States Enter into Settlement with Nationstar Mortgage, LLC for Unlawful Servicing Practices",,,https://www.consumerfinance.gov/enforcement/actions/nationstar-mortgage-llc-dba-mr-cooper/,true,,exact
rab-performance-recoveries-llc,2020-12-08,"RAB Performance Recoveries, LLC",rab-performance-recoveries,,"On December 8, 2020, the Consumer Financial Protection Bureau (Bureau) issued a consent order against RAB Performance Recoveries, LLC (RAB). Through 2012, RAB, a New Jersey company, purchased and collected consumer debts from debt brokers, and through August 2014, it used collections law firms to obtain judgments against consumers. RAB has continued to collect on those judgments against consumers as well as on a handful of payment agreements it obtained from debtors. The Bureau found that during the period that RAB was obtaining judgments against consumers, RAB threatened to sue, sued, and demanded payment from consumers in Connecticut, New Jersey, and Rhode Island even though RAB did not hold the licenses that those states required to sue to collect debts. Thus, RAB was not legally entitled to take the actions that it threatened to take against consumers in those states. The Bureau found that RAB misrepresented that it had a legally enforceable right to recover payments from consumers in these states through the judicial process in violation of the Fair Debt Collection Practices Act (FDCPA) and the Consumer Financial Protection Act of 2010 (CFPA). The consent order prohibits RAB from collecting on the judgments against, or payment agreements from, consumers it obtained in Connecticut, New Jersey, and Rhode Island when RAB did not hold a required debt-collection license in those states. It also requires RAB to take all necessary steps to vacate those judgments and suspend collection of those judgments and to notify consumers with payment agreements that they have been satisfied. The consent order also requires RAB to pay a $204,000 civil money penalty. Consumer Financial Protection Bureau Settles with Debt Collector for Engaging in Deceptive Debt Collection Practices in Three States",,,https://www.consumerfinance.gov/enforcement/actions/rab-performance-recoveries-llc/,true,,exact
bounceback-inc,2020-12-09,"BounceBack, Inc. and Gale Krieg",,,"On December 9, 2020, the Bureau filed a lawsuit in the United States District Court for the Western District of Missouri against BounceBack, Inc.",,,https://www.consumerfinance.gov/enforcement/actions/bounceback-inc/,false,company-unresolved:no-match,no-match
alder-holdings-llc,2020-12-11,"Alder Holdings, LLC",,,"On December 11, 2020, the Consumer Financial Protection Bureau (Bureau) and the Arkansas Attorney General filed a proposed stipulated final judgment and order in the United States District Court for the Eastern District of Arkansas against Alder Holdings, LLC (Alder).",,,https://www.consumerfinance.gov/enforcement/actions/alder-holdings-llc/,false,company-unresolved:no-match,no-match
seterus-inc,2020-12-18,"Seterus, Inc. and Kyanite Services, Inc.",seterus,,"On December 18, 2020, the Consumer Financial Protection Bureau (Bureau) issued a consent order against Seterus, Inc. (Seterus), a former mortgage servicer based in North Carolina, and Kyanite Services, Inc. (Kyanite), Seterus’s former parent company and its successor in interest. The consent order addresses widespread failures in Seterus’s handling and processing of struggling homeowners’ applications for loss mitigation options to avoid foreclosure. The Bureau found that Seterus, which used automated processes for handling loss mitigation applications, violated the Consumer Financial Protection Act of 2010’s (CFPA) prohibition of unfair acts and practices by systematically failing to accurately review, process, track, and communicate to borrowers information regarding their applications, and deceptive acts and practices by sending numerous borrowers acknowledgment notices regarding their applications that misrepresented the status of borrower documents and provided inaccurate due dates for submission of borrower documents. The Bureau also found that Seterus violated Regulation X, which implements the Real Estate Settlement Procedures Act, by sending numerous acknowledgment notices that failed to state the additional documents and information borrowers needed to submit to complete their loss mitigation applications or failed to provide a reasonable due date for submission of borrower documents; failing to exercise reasonable diligence in obtaining documents and information necessary to complete borrowers’ loss mitigation applications; failing to properly evaluate borrowers who submitted complete loss mitigation applications for all loss mitigation options available to the borrower; and failing to treat certain applications as “facially complete” when required under Regulation X. These violations also constitute violations of the CFPA. The consent order requires Kyanite, as Seterus’s successor in interest, to pay $4,932,525 in total redress to approximately 11,866 of the consumers to whom Seterus sent a defective acknowledgment notice. The consent order also imposes a $500,000 civil money penalty and includes injunctive relief that would apply in the event Kyanite engages in mortgage servicing operations. Consumer Financial Protection Bureau Settles with Mortgage Servicer for Illegal Practices that Impeded Borrowers’ Attempts to Avoid Foreclosure",,,https://www.consumerfinance.gov/enforcement/actions/seterus-inc/,true,,exact
envios-de-valores-la-nacional-corp,2020-12-21,Envios de Valores La Nacional Corp.,envios-de-valores-la-nacional,,"On December 21, 2020, the Bureau issued a consent order against Envios de Valores La Nacional (La Nacional). La Nacional provides remittance transfers to several countries overseas through a network of branches and over 1,400 agents. La Nacional also has provided international bill pay services. The Bureau found that since the 2013 effective date of the Remittance Transfer Rule, La Nacional engaged in thousands of violations of the Electronic Fund Transfer Act and the Remittance Transfer Rule by: failing to properly honor cancellation requests, failing to develop and maintain required policies and procedures for error resolution, failing to investigate and make error determinations, failing to provide consumers with written reports of its investigation findings, failing to refund certain fees and taxes, failing to treat international bill pay services as remittance transfers, failing to disclose the appropriate currency on prepayment disclosures and receipts, failing to use the term “transfer fees” or a substantially similar term in certain disclosures, and issuing receipts that failed to disclose the date on which remittance transfers would be available for pick-up. The consent order requires La Nacional to adopt a compliance plan to ensure that its remittance transfer acts and practices comply with all applicable Federal consumer financial laws and the consent order. The order also requires La Nacional to pay a civil money penalty of $750,000. This is the fourth action stemming from a Bureau sweep to address violations of the Remittance Transfer Rule. Consumer Financial Protection Bureau Settles with Remittance Transfer Provider for Remittance Transfer Rule Violations",,,https://www.consumerfinance.gov/enforcement/actions/envios-de-valores-la-nacional-corp/,true,,exact
santander-consumer-usa-inc-2020,2020-12-22,Santander Consumer USA Inc.,santander-consumer-usa,,"On December 22, 2020, the Consumer Financial Protection Bureau (Bureau) issued a consent order against Santander Consumer USA Inc. (Santander). Santander, a subsidiary of Banco Santander S.A., is a leading originator and servicer of nonprime auto loans and leases. Santander furnishes credit information on the auto loans it services by sending monthly data files to consumer reporting agencies (CRAs). The Bureau found that between January 2016 and August 2019 Santander violated the Fair Credit Reporting Act (FCRA) and Regulation V by furnishing consumer loan information to CRAs that it knew or reasonably should have known was inaccurate; failing to promptly update and correct information it furnished that it later determined was incomplete; failing to provide the date of first delinquency on certain delinquent or charged-off accounts; and failing to establish and implement reasonable written policies and procedures regarding the accuracy and integrity of information provided to CRAs. These violations of the FCRA and Regulation V constituted violations of the Consumer Financial Protection Act of 2010 and could have negatively impacted consumers’ credit scores and access to credit in many instances. The consent order requires Santander to take certain steps to prevent future violations and imposes a $4,750,000 civil money penalty. Consumer Financial Protection Bureau Settles with Santander Consumer USA Inc. for Credit Reporting Violations in Connection with Its Auto Loans",,,https://www.consumerfinance.gov/enforcement/actions/santander-consumer-usa-inc-2020/,true,,exact
discover-bank-the-student-loan-corporation-and-discover-products-inc,2020-12-22,"Discover Bank, The Student Loan Corporation, and Discover Products, Inc.",discover-bank,,"On December 22, 2020, the Bureau issued a consent order against Discover Bank, The Student Loan Corporation, and Discover Products, Inc. (collectively, Discover). Discover Bank, headquartered in Greenwood, Delaware, is an insured depository institution that provides and services private student loans. The Student Loan Corporation and Discover Products, Inc., are affiliates of Discover Bank, and also engage in student loan servicing. The Bureau previously issued a consent order against Discover in July 2015 (2015 Order). The Bureau’s 2015 Order was based on, among other things, the Bureau’s finding that Discover misstated the minimum amounts due on billing statements and tax information consumers needed to get federal income tax benefits. The Bureau found that Discover violated the 2015 Order’s requirements in several ways. Discover misrepresented the minimum loan payments consumers owed, the amount of interest consumers paid, and other material information, such as interest rates, payments, and due dates. Discover also did not provide all of the consumer redress the 2015 Order required. The Bureau also found that Discover engaged in unfair acts and practices by withdrawing payments from consumers’ accounts without valid authorization and by cancelling or not withdrawing payments without notifying consumers. This conduct violated the Consumer Financial Protection Act of 2010 (CFPA), the Electronic Fund Transfer Act, and Regulation E. The Bureau also found that Discover engaged in deceptive acts and practices in violation of the CFPA by misrepresenting minimum payments consumers owed and the amount of interest consumers paid. The consent order requires Discover to pay at least $10 million in consumer redress and a $25 million civil money penalty and contains requirements to prevent future violations. Consumer Financial Protection Bureau Settles with Student Loan Servicers Discover Bank, The Student Loan Corporation, and Discover Products, Inc. for Violating a Bureau Consent Order and Other Unlawful Practices",,,https://www.consumerfinance.gov/enforcement/actions/discover-bank-the-student-loan-corporation-and-discover-products-inc/,true,,exact
omni-financial-of-nevada-inc,2020-12-30,"Omni Financial of Nevada, Inc.",,,"On December 30, 2020, the Consumer Financial Protection Bureau issued a consent order against Omni Financial of Nevada, Inc.",,,https://www.consumerfinance.gov/enforcement/actions/omni-financial-of-nevada-inc/,false,company-unresolved:no-match,no-match
1st-alliance-lending-llc-et-al,2021-01-15,"1st Alliance Lending, LLC, John Christopher DiIorio, Kevin Robert St. Lawrence, and Socrates Aramburu",1st-alliance-lending,,"On January 15, 2021, the Bureau filed a lawsuit against 1st Alliance Lending, LLC, John Christopher DiIorio, Kevin Robert St. Lawrence, and Socrates Aramburu. 1st Alliance, based in Hartford, Connecticut, originated residential mortgages from 2004 to September 2019 and stopped operating in November 2019. DiIorio was its chief executive officer and he, St. Lawrence, and Aramburu were 1st Alliance’s three managing executives. The Bureau’s complaint, which was amended on April 1, 2021, alleged that 1st Alliance violated the Truth in Lending Act, the Fair Credit Reporting Act, the Equal Credit Opportunity Act, and the Mortgage Acts and Practices—Advertising Rule. It also alleged that 1st Alliance, DiIorio, St. Lawrence, and Aramburu engaged in unfair and deceptive practices under the Consumer Financial Protection Act of 2010. On March 13, 2023, the parties filed a joint stipulation dismissing certain counts and all claims against defendant Socrates Aramburu, which the court docketed on March 14, 2023. On February 28, 2025, pursuant to a stipulated dismissal, which was docketed the same day, the court voluntarily dismissed the case against all defendants with prejudice. Consumer Financial Protection Bureau Sues 1st Alliance Lending, LLC and Its Principals for Alleged Unlawful Mortgage Lending Practices",,,https://www.consumerfinance.gov/enforcement/actions/1st-alliance-lending-llc-et-al/,true,,exact
nexus-services-inc-et-al,2021-02-22,"Nexus Services, Inc., Libre by Nexus, Inc., Micheal Donovan, Richard Moore, and Evan Ajin",,,"On February 22, 2021, the Bureau filed a lawsuit in the United States District Court for the Western District of Virginia against Nexus Services, Inc. (Nexus Services), Libre by Nexus, Inc. (Libre), and their principals, Micheal Donovan, Richard Moore, and Evan Ajin.",,,https://www.consumerfinance.gov/enforcement/actions/nexus-services-inc-et-al/,false,company-unresolved:no-match,no-match
brightspeed-solutions-inc-and-kevin-howard,2021-03-03,"BrightSpeed Solutions, Inc. and Kevin Howard",,,"On March 3, 2021, the Bureau filed a lawsuit in the U.S. District Court for the Northern District of Illinois against BrightSpeed Solutions, Inc. (BrightSpeed) and its founder and former chief executive officer, Kevin Howard.",,,https://www.consumerfinance.gov/enforcement/actions/brightspeed-solutions-inc-and-kevin-howard/,false,company-unresolved:no-match,no-match
student-loan-pro-judith-noh-syed-faisal-gilani-and-fnza-marketing-llc,2021-03-16,"Student Loan Pro, Judith Noh, Syed Faisal Gilani, and FNZA Marketing, LLC",,,"On March 16, 2021, the Bureau filed a lawsuit against Student Loan Pro, a California sole proprietorship that telemarketed and provided debt-relief services focused on federal student-loan debt; Judith Noh, its owner; and Syed Gilani, its manager and owner-in-fact.",,,https://www.consumerfinance.gov/enforcement/actions/student-loan-pro-judith-noh-syed-faisal-gilani-and-fnza-marketing-llc/,false,company-unresolved:no-match,no-match
yorba-capital-management-llc-and-daniel-portilla-jr,2021-04-06,"Yorba Capital Management, LLC and Daniel Portilla, Jr.",,,"On April 6, 2021, the Bureau issued a consent order against Yorba Capital Management, LLC, a third-party debt collection company, headquartered in Anaheim California, and its former sole owner and managing member, Daniel Portilla, Jr.",,,https://www.consumerfinance.gov/enforcement/actions/yorba-capital-management-llc-and-daniel-portilla-jr/,false,company-unresolved:no-match,no-match
settleit-inc,2021-04-13,"SettleIt, Inc.",,,"On April 13, 2021, the Bureau filed a proposed stipulated final judgment and order in U.S. District Court to resolve allegations that SettleIt, Inc., a California-based debt-settlement company, violated the Telemarketing Sales Rule and engaged in abusive acts and practices under the Consumer Financial Protection Act.",,,https://www.consumerfinance.gov/enforcement/actions/settleit-inc/,false,company-unresolved:no-match,no-match
douglas-mackinnon-amy-mackinnon-mary-kate-mackinnon-and-matthew-mackinnon,2021-04-22,"Douglas MacKinnon, Amy MacKinnon, Mary-Kate MacKinnon, and Matthew MacKinnon",,,"On April 22, 2021, the Bureau filed a lawsuit against Douglas MacKinnon, who operated a debt-collection enterprise, and Amy MacKinnon, Mary-Kate MacKinnon, and Matthew MacKinnon, relatives of Douglas MacKinnon.",,,https://www.consumerfinance.gov/enforcement/actions/douglas-mackinnon-amy-mackinnon-mary-kate-mackinnon-and-matthew-mackinnon/,false,company-unresolved:no-match,no-match
nationwide-equities-corporation,2021-04-27,Nationwide Equities Corporation,nationwide-equities,,"On April 27, 2021, the Bureau issued a consent order against Nationwide Equities Corporation (NWEC), a reverse mortgage broker and lender. The Bureau found that NWEC sent direct mail solicitations and other marketing communications to hundreds of thousands of older borrowers that violated the Mortgage Acts and Practices Advertising Rule (MAP Rule) and Regulation Z, which implement the Truth in Lending Act. These violations also constituted violations of the Consumer Financial Protection Act of 2010. The Bureau’s consent order prohibits such misrepresentations and requires NWEC to affirmatively review each of its mortgage advertisement templates for compliance with consumer financial protection laws before disseminating ads to consumers. The Bureau’s consent order also requires NWEC to pay a $140,000 civil money penalty. CFPB Takes Action Against Reverse Mortgage Lender for Deceptive Advertising",,,https://www.consumerfinance.gov/enforcement/actions/nationwide-equities-corporation/,true,,exact
3rd-generation-inc-dba-california-auto-finance,2021-05-21,"3rd Generation, Inc. d/b/a California Auto Finance",3rd-generation,,"On May 21, 2021, the Bureau issued a consent order against 3rd Generation, Inc., a California corporation doing business as California Auto Finance (California Auto). California Auto services subprime auto loans that were originated by car dealers and later assigned to California Auto. The Bureau found that, between 2016 and 2021, California Auto charged about 5,800 customer accounts a total of $565,813 in interest on late payments of loss damage waiver fees without disclosing the charge to consumers. The Bureau concluded this is an unfair practice under the Consumer Financial Protection Act of 2010. The consent order requires California Auto to provide a total of $565,813 in consumer relief, which reflects the unlawful loss-damage-waiver fees that California Auto charged its customers. The order also requires California Auto to pay a civil money penalty of $50,000 and prohibits the company from charging interest on loss-damage-waiver fees without disclosing such terms in its contracts with consumers. CFPB Takes Action Against Auto Lender for Unfair Loss Damage Waiver Practices",,,https://www.consumerfinance.gov/enforcement/actions/3rd-generation-inc-dba-california-auto-finance/,true,,exact
burlington-financial-group-llc-richard-burnham-katherine-burnham-sang-yi,2021-06-28,"Burlington Financial Group, LLC, Richard Burnham, Katherine Burnham, and Sang Yi",,,"On June 28, 2021, the Bureau filed a lawsuit in the United States District Court for the Northern District of Georgia, and on the following day, the Bureau filed a proposed stipulated final judgment and order against Burlington Financial Group, LLC, and its principals, Richard Burnham, Katherine Burnham, and Sang Yi, which the court entered the same day.",,,https://www.consumerfinance.gov/enforcement/actions/burlington-financial-group-llc-richard-burnham-katherine-burnham-sang-yi/,false,company-unresolved:no-match,no-match
greensky-llc,2021-07-12,"GreenSky, LLC",greensky,,"On July 12, 2021, the Bureau issued a consent order against GreenSky, LLC (GreenSky), a financial technology company that services and facilitates the origination of consumer loans. The Bureau found that GreenSky engaged in origination activity on thousands of loans to consumers who did not request or authorize them and that the company structured its loan origination and servicing program in a manner that enabled the origination of unauthorized loans. This conduct was unfair in violation of the Consumer Financial Protection Act of 2010. The Bureau’s order requires GreenSky to refund the accounts or cancel the loans of customers harmed by the conduct up to $9 million, implement enhanced loan authorization and verification procedures to prevent unauthorized loans from being issued in the future, and pay a civil penalty of $2.5 million. CFPB Takes Action Against Fintech Company GreenSky for Enabling Merchants to Secure Loans for Consumers Without Their Authorization",,,https://www.consumerfinance.gov/enforcement/actions/greensky-llc/,true,,exact
better-future-forward-inc,2021-09-07,"Better Future Forward, Inc.",,,"On September 7, 2021, the Bureau issued a consent order against Better Future Forward, Inc.; Better Future Forward Manager, LLC; Better Future Forward Opportunity ISA Fund (CP1), LLC; and Better Future Forward Opportunity ISA Fund (CH1), LLC (collectively, “BFF”), which are companies that provide students with income-share agreements (ISAs) to finance postsecondary education.",,,https://www.consumerfinance.gov/enforcement/actions/better-future-forward-inc/,false,company-unresolved:no-match,no-match
lendup-loans-llc-2,2021-09-08,"LendUp Loans, LLC",lendup-loans,,"On September 8, 2021, the Bureau filed a lawsuit in the United States District Court for the Northern District of California against LendUp Loans, LLC. LendUp is an online lender offering single-payment and installment loans to consumers. The Bureau alleged that LendUp’s brand identity is tied to its marketing claims that, that through on-time payments and repeat borrowing, borrowers will accrue points and ascend the “LendUp Ladder,” gaining access to loans with more favorable interest rates or larger loan amounts as consumers reach higher Ladder levels. In 2016, the Bureau issued an administrative consent order against LendUp to address the Bureau’s finding that LendUp misled consumers about the benefits of its loans. That order prohibits LendUp from misrepresenting the benefits of borrowing from the company. In this action, the Bureau alleged that, though LendUp claimed that consumers who ascended the LendUp Ladder would gain access to lower interest rates and larger loans, many borrowers did not actually get those benefits. The Bureau alleged that LendUp’s marketing claims were deceptive under the Consumer Financial Protection Act of 2010 and violated the prohibitions of the Bureau’s 2016 order. The Bureau also alleged that LendUp failed to timely issue required adverse-action notices and failed to provide accurate denial reasons on its adverse-action notices to thousands of loan applicants, in violation of the Equal Credit Opportunity Act and Regulation B, and that these violations also constitute violations of the CFPA. On December 21, 2021, the Bureau filed a proposed stipulated final judgment and order to settle the lawsuit, which the court entered on December 30, 2021. The order imposes an injunction, prohibiting LendUp from offering or providing consumer credit, or assisting others that are offering or providing consumer credit; from collecting on, selling, or assigning outstanding subject loans, or assisting others in doing so; from selling consumer information; and from making misrepresentations in the sale or collection of consumer debt, or assisting others in doing so. The order also imposes a $100,000 civil money penalty and requires the payment of $40,500,000 in consumer redress, to be suspended upon payment of the civil money penalty based on LendUp’s demonstrated inability to pay. CFPB Sues LendUp Loans for Violating 2016 Consent Order and D",,,https://www.consumerfinance.gov/enforcement/actions/lendup-loans-llc-2/,true,,exact
daniel-a-rosen-inc-dba-credit-repair-cloud-and-daniel-rosen,2021-09-20,"Daniel A. Rosen, Inc., d/b/a Credit Repair Cloud, and Daniel Rosen",,,"On September 20, 2021, the Bureau filed a lawsuit against Credit Repair Cloud — a Los Angeles, California, company that since at least 2013 has provided an “all-in-one solution” for people to start their own credit repair businesses — and its owner and CEO, Daniel Rosen.",,,https://www.consumerfinance.gov/enforcement/actions/daniel-a-rosen-inc-dba-credit-repair-cloud-and-daniel-rosen/,false,company-unresolved:no-match,no-match
american-advisors-group-2,2021-10-08,American Advisors Group,american-advisors-group,,"On October 8, 2021, the Bureau filed a lawsuit and proposed stipulated final judgment and order in the United States District Court for the Central District of California against American Advisors Group (AAG), which the court entered on October 25, 2021. AAG, based in Irvine, California, is the nation’s largest provider of reverse mortgages. In 2016, the Bureau issued an administrative consent order against AAG to address the Bureau’s finding that AAG used deceptive advertisements, including falsely claiming that consumers could not lose their homes. In this action, the Bureau alleged that in marketing its reverse mortgage product, AAG inflated consumers’ estimated home values to entice them to enter into negotiations to open a reverse mortgage with the company and falsely reassured consumers that AAG made “every attempt to ensure the home value information provided is reliable,” when in fact it did not. The Bureau alleged that this conduct was deceptive under the CFPA and violated the Bureau’s 2016 consent order. The stipulated final judgment and order requires AAG to pay $173,400 in consumer redress, stop its unlawful conduct, and pay a $1,100,000 civil money penalty. CFPB Takes Action Against American Advisors Group for Deceptively Marketing Reverse Mortgages to Consumers",,,https://www.consumerfinance.gov/enforcement/actions/american-advisors-group-2/,true,,exact
jpay-llc,2021-10-19,"JPay, LLC",,,"On October 19, 2021, the Bureau issued a consent order against JPay, LLC (JPay). JPay, headquartered in Miramar, Florida, contracts with Departments of Corrections around the country to provide financial products and services to incarcerated and formerly incarcerated individuals.",,,https://www.consumerfinance.gov/enforcement/actions/jpay-llc/,false,company-unresolved:no-match,no-match
trustmark-national-bank,2021-10-22,Trustmark National Bank,,,"On October 22, 2021, the Bureau, together with the United States Department of Justice (DOJ), filed a complaint and proposed consent order in the federal district court for the Western District of Tennessee in settlement of claims against Trustmark National Bank (Trustmark), which is headquartered in Jackson, Mississippi.",,,https://www.consumerfinance.gov/enforcement/actions/trustmark-national-bank/,false,company-unresolved:no-match,no-match
firstcash-inc-and-cash-america-west-inc,2021-11-12,"FirstCash, Inc., Cash America West, Inc., and First Cash Subsidiaries",firstcash,,"On November 12, 2021, the Bureau filed a lawsuit against FirstCash, Inc. and Cash America West, Inc., a subsidiary of FirstCash. On June 21, 2022, the Bureau filed an amended complaint adding 18 additional FirstCash subsidiaries as defendants in the lawsuit: FCFS AL, Inc.; Cash America East, Inc.; Cash America Inc. of Alaska; Georgia Cash America, Inc.; FCFS IN, Inc.; FCFS TN, Inc.; FCFS OH, Inc.; FCFS KY, Inc.; Cash America, Inc. of Louisiana; FCFS MO, Inc.; Cash America of Missouri, Inc.; Cash America, Inc. of North Carolina; FCFS NC, Inc.; FCFS OK, Inc.; FCFS SC, Inc.; Pawn TX, Inc.; Cash America Pawn L.P.; and Cash America Advance, Inc. FirstCash owns and operates over 1,000 retail pawnshops in the United States, offering pawn loans through its wholly owned corporate subsidiaries. The Bureau alleged that FirstCash and its subsidiaries made pawn loans to active-duty servicemembers and their dependents that violated the Military Lending Act (MLA) by making pawn loans to borrowers covered under the MLA with rates that exceeded the MLA’s maximum allowable annual percentage rate of 36%; using loan agreements requiring arbitration in the case of a dispute; and not making required loan disclosures. The Bureau also alleged that the alleged violations of the MLA were violations of a 2013 Bureau order against a predecessor entity, Cash America International, Inc. On July 22, 2025, in light of this new settlement and order with FirstCash, the Bureau terminated that 2013 consent order with FirstCash’s predecessor entity, Cash America, because the predecessor entity has fulfilled its obligations under its 2013 consent order, including paying a civil money penalty of $5 million and providing redress to consumers. The predecessor entity no longer exists and the products addressed in the 2013 consent order are unconnected to the products of FirstCash. On July 11, 2025, the Bureau and all defendants jointly filed a proposed stipulated final judgment and order to resolve the Bureau’s claims, which the court entered the same day. The order requires defendants to fully redress all affected consumers, pay a civil money penalty of $4,000,000 to the Bureau, and comply with the MLA and either offer an MLA-compliant loan product to servicemembers and their families or comply with a regulatory safe harbor meant to screen for MLA-protected borrowers. CFPB Reaches Settlement with F",,,https://www.consumerfinance.gov/enforcement/actions/firstcash-inc-and-cash-america-west-inc/,true,,exact
craig-manseth-jacob-adamo-darren-turco-united-debt-holding-llc-jtm-capital-management-llc-and-united-holdings-group-llc,2022-01-10,"Craig Manseth, Jacob Adamo, Darren Turco, United Debt Holding LLC, JTM Capital Management, LLC, and United Holdings Group, LLC",jtm-capital-management,,"On January 10, 2022, the Bureau filed a lawsuit against several individual debt collectors and buyers, and their companies. As set forth in the February 23, 2022 amended complaint, the defendants are: Craig Manseth, Jacob Adamo, Darren Turco, United Debt Holding LLC, JTM Capital Management, LLC, and UHG, LLC, UHG I LLC (also known as United Holding Group), and UHG II LLC (collectively holding themselves out as United Holding Group, United Holding Group, LLC, and United Holdings Group, LLC). The Bureau alleges that the defendants, located in Colorado and New York, purchased defaulted consumer debt worth tens of millions of dollars and then collected on those debts using third-party agents who engaged in illegal debt-collection tactics. Specifically, the Bureau alleges that since at least 2014, defendants have used collection agents to collect debts knowing that these agents were using false threats and misrepresentations to coerce immediate payment from consumers, in violation of the Consumer Financial Protection Act of 2010 and the Fair Debt Collection Practices Act. The Bureau’s complaint seeks redress for consumers, injunctive relief, and a civil money penalty. CFPB Sues United Holding Group, Its Affiliates, and Its Owners for Illegal Debt Collection Practices",,,https://www.consumerfinance.gov/enforcement/actions/craig-manseth-jacob-adamo-darren-turco-united-debt-holding-llc-jtm-capital-management-llc-and-united-holdings-group-llc/,true,,exact
edfinancial-services,2022-03-30,Edfinancial Services,edfinancial-services,,"On March 30, 2022, the Bureau issued an order against Edfinancial Services, LLC. (Edfinancial). Edfinancial, headquartered in Knoxville, Tennessee, is a student loan servicer that services both FFELP loans, which are loans from private companies, and Direct Loans, which are loans directly from the Department of Education. The Public Service Loan Forgiveness (PSLF) Program is a government program that forgives student-loan debt for certain borrowers who work in public service and make 120 qualifying loan payments. Ordinarily, FFELP loans must be consolidated into Direct Loans before any payments qualify towards the PSLF program; but in October 2021 the Department of Education provided a limited waiver allowing payments to FFELP loans to retroactively qualify so long as the borrower consolidated into Direct Loans by a certain date. The Bureau found that Edfinancial made various deceptive statements to FFELP borrowers, including in many instances telling borrowers that they were not eligible for the PSLF program even though borrowers could become eligible by consolidating their loans; that borrowers could not consolidate their loans; that borrowers’ past payments qualified when they did not qualify; and that qualifying jobs did not qualify for PSLF. The Bureau also found that, in numerous instances, when FFELP borrowers asked about forgiveness options available to them, Edfinancial’s representatives did not mention PSLF as an available option. The consent order requires Edfinancial to contact all its FFELP borrowers to inform them of the limited waiver so that eligible borrowers can take advantage of the waiver before it expires. The limited waiver is currently set to expire by October 31, 2022. The order also requires Edfinancial to pay a $1 million civil money penalty. CFPB Sanctions Edfinancial for Lying about Student Loan Cancellation Read the full Statement of CFPB Director Rohit Chopra on this action",,,https://www.consumerfinance.gov/enforcement/actions/edfinancial-services/,true,,exact
transunion-et-al,2022-04-12,"TransUnion; Trans Union, LLC; TransUnion Interactive, Inc.; and John T. Danaher",,,"On April 12, 2022, the Bureau filed a lawsuit in the federal district court for the Northern District of Illinois against TransUnion, parent company of one of the three nationwide consumer reporting agencies, and two of its subsidiaries, TransUnion, LLC, TransUnion Interactive, Inc. (collectively, the TransUnion Companies), which are headquartered in Chicago, Illinois, as well as former executive John Danaher.",,,https://www.consumerfinance.gov/enforcement/actions/transunion-et-al/,false,company-unresolved:no-match,no-match
moneygram-international-inc-and-moneygram-payment-systems-inc,2022-04-21,"MoneyGram International, Inc. and MoneyGram Payment Systems, Inc.",moneygram-payment-systems-worldwide,,"On April 21, 2022, the Bureau filed a lawsuit jointly with the Attorney General of New York against MoneyGram International, Inc. and MoneyGram Payment Systems, Inc. (collectively, MoneyGram), nonbank remittance transfer providers headquartered in Dallas, Texas. The complaint, which was amended on July 5, 2022 and on January 24, 2025, alleged that defendants violated the Electronic Fund Transfer Act, Remittance Transfer Rule, Regulation E, and the Consumer Financial Protection Act of 2010. On April 7, 2025, the Bureau filed a consent motion to withdraw as a plaintiff, which the court granted on April 8, 2025. Order Granting Consent Motion by Plaintiff to Withdraw as a Plaintiff CFPB and NY Attorney General Sue Repeat Offender MoneyGram For Leaving Families High and Dry",,,https://www.consumerfinance.gov/enforcement/actions/moneygram-international-inc-and-moneygram-payment-systems-inc/,true,,unique-prefix
bank-of-america-na,2022-05-04,"Bank of America, N.A.",bank-of-america,,"On May 4, 2022, the Bureau issued a consent order against Bank of America, N.A., an insured depository institution, to address Bank of America’s processing of garnishment notices. A garnishment notice is a notice issued by a court or judgment creditor directing a financial institution to freeze and then turn over a consumer’s funds to pay off a court-ordered debt. The Bureau found that Bank of America engaged in unfair and deceptive acts and practices in violation of the Consumer Financial Protection Act of 2010. Specifically, Bank of America unfairly required consumers to waive its liability as to consumers’ garnishment-related protections in its deposit agreement and misrepresented to consumers that they could not go to court to attempt to prevent wrongful garnishments. This conduct violated the CFPA. The Bureau also found that Bank of America failed to disclose to courts in states that restricted the garnishment of out-of-state accounts that the garnishment notice pertained to bank accounts located out-of-state; and Bank of America froze accounts and sent funds to creditors even though prohibited by state law. Bank of America also in some instances applied the wrong state’s exemption laws and represented to consumers that their rights to have certain funds exempted from garnishment were governed by the law of the issuing state when in reality the consumer’s own state law applies. The consent order requires Bank of America to refund at least $592,000 in, or cancel, associated unlawful garnishment-related fees and pay a $10 million civil money penalty. The order also requires Bank of America to review and reform its system for processing garnishments, to notify courts or other garnishment issuers when consumer accounts are out-of-state, and to cease using language in its consumer contracts that unlawfully limit consumers’ rights to challenge garnishments. CFPB Orders Bank of America To Pay $10 Million Penalty for Illegal Garnishments",,,https://www.consumerfinance.gov/enforcement/actions/bank-of-america-na/,true,,exact
ram-payment-llc-et-al,2022-05-11,"RAM Payment, LLC, also dba Reliant; Account Management Systems, LLC, fka Reliant Account Management; Gregory Winters; and Stephen Chaya",,,"On May 11, 2022, the Bureau issued an order against Tennessee-based RAM Payment, LLC and Account Management Systems, LLC (AMS) and AMS’s co-founders, Gregory Winters and Stephen Chaya.",,,https://www.consumerfinance.gov/enforcement/actions/ram-payment-llc-et-al/,false,company-unresolved:no-match,no-match
frank-ronald-gebase-jr,2022-06-09,"Frank Ronald Gebase, Jr.",,,"On June 9, 2022, the Bureau filed a lawsuit in the United States District Court for the Southern District of California against Frank R. Gebase Jr., along with a proposed stipulated final judgment and order.",,,https://www.consumerfinance.gov/enforcement/actions/frank-ronald-gebase-jr/,false,company-unresolved:no-match,no-match
populus-financial-group-inc-d-b-a-ace-cash-express-inc,2022-07-12,"Populus Financial Group, Inc., d/b/a ACE Cash Express, Inc.",populus-financial-group-inc-f-k-a-ace-cash-express,,"On July 12, 2022, the Bureau filed a lawsuit against Populus Financial Group, Inc., which does business as ACE Cash Express, Inc. (“ACE”). ACE is a payday lender headquartered in Irving, Texas and has approximately 979 stores in 22 states and the District of Columbia. The Bureau alleged that ACE engaged in unfair, abusive, and deceptive acts or practices in violation of the Consumer Financial Protection Act of 2010. On April 30, 2025, the Bureau voluntarily dismissed the action against the defendants with prejudice, and the court terminated the case the same day. CFPB Sues ACE Cash Express for Concealing No-Cost Repayment Plans and Improperly Withdrawing Consumers’ Funds",,,https://www.consumerfinance.gov/enforcement/actions/populus-financial-group-inc-d-b-a-ace-cash-express-inc/,true,,unique-prefix
bank-of-america-na-2,2022-07-14,"Bank of America, N.A.",bank-of-america,,"On July 14, 2022, the Bureau issued an order against Bank of America, N.A., which is a national bank headquartered in Charlotte, North Carolina with branches and ATMs located in 38 states and the District of Columbia. Since 2020, Bank of America had contracts with 12 states, including California, to deliver unemployment insurance and other government benefit payments to consumers through prepaid debit cards. The onset of the COVID-19 pandemic in March 2020 led to a surge in consumers seeking unemployment insurance benefits. In the fall of 2020, and continuing through mid-2021, Bank of America changed its practices for investigating prepaid debit cardholder notices of error to solely rely on an automated fraud filter, which it knew or should have known would incorrectly determine that no error had occurred and which led to its incorrectly freezing or blocking accounts. The Bureau found that Bank of America engaged in unfair acts or practices by denying prepaid debit cardholders’ notices of error and freezing their prepaid debit card accounts based solely on the results of the Bank’s flawed fraud filter. The Bank also engaged in abusive acts or practices by retroactively applying its fraud filter to deny notices of error submitted by prepaid debit cardholders that it had previously investigated and paid. Further, Bank of America engaged in unfair acts and practices by impeding unemployment insurance benefit prepaid debit cardholders’ efforts to file notices of error concerning their prepaid debit card accounts. The Bank’s failure to conduct a reasonable investigation of prepaid debit cardholders’ notices of error and failure to timely investigate and resolve prepaid debit cardholders’ error claims also violated the Electronic Fund Transfer Act and its implementing Regulation E. The Bureau’s order requires Bank of America to redress harmed consumers who suffered hundreds of millions of dollars in direct and consequential financial harm; harmed consumers will also be eligible to receive additional remediation through an individualized review process. The Bank must also review and reform its unemployment insurance benefit prepaid debit card program and pay a $100 million civil penalty to the Bureau. The OCC concurrently issued an order against the Bank separately fining it $125 million. Federal Regulators Fine Bank of America $225 Million Over Botched Disbursemen",,,https://www.consumerfinance.gov/enforcement/actions/bank-of-america-na-2/,true,,exact
hyundai-capital-america,2022-07-26,Hyundai Capital America,hyundai-capital-america,,"On July 26, 2022, the Bureau issued a consent order against Hyundai Capital America (Hyundai), a nonbank automotive finance company based in Irvine, California. Hyundai purchases and services retail installment contracts and vehicle leases originated by Hyundai, Kia, and Genesis dealerships. Hyundai furnishes credit information on the auto loans it services by sending monthly data files to consumer reporting companies. The Bureau found that over several years Hyundai repeatedly furnished to consumer reporting companies information containing numerous systemic errors and that it knew of many of these inaccuracies for years before attempting to fix them. When Hyundai furnished inaccurate negative consumer information, it may have negatively affected consumers’ access to credit. The Bureau found that Hyundai violated the Fair Credit Reporting Act (FCRA) and Regulation V by failing to promptly update and correct information it furnished to consumer reporting companies that it determined was not complete or accurate, and continuing to furnish this inaccurate and incomplete information; failing to provide the FCRA-required date of first delinquency on certain delinquent or charged-off accounts; failing to modify or delete information disputed by consumers that it found to be inaccurate; failing to establish reasonable identity theft and related blocking procedures to respond to identity theft notifications from consumer reporting companies such that Hyundai continued to report such information that should have been blocked on a consumer’s report; and failing to establish and implement reasonable written policies and procedures regarding the accuracy and integrity of information provided to consumer reporting companies. These FCRA violations also constituted violations of the Consumer Financial Protection Act of 2010 (CFPA). The Bureau also concluded that Hyundai’s use of ineffective manual processes and systems to furnish consumer information was unfair in violation of the CFPA. The consent order requires Hyundai to take steps to prevent future violations and to pay $13,200,000 in redress to affected consumers and a $6,000,000 civil money penalty. CFPB Orders Hyundai to Pay $19 Million for Widespread Credit Reporting Failures",,,https://www.consumerfinance.gov/enforcement/actions/hyundai-capital-america/,true,,exact
trident-mortgage-company-lp,2022-07-27,"Trident Mortgage Company, LP",trident-mortgage,,"On July 27, 2022, the Bureau, together with the United States Department of Justice (DOJ), filed a complaint and proposed consent order to resolve their allegations against Trident Mortgage Company, LP (Trident). The Bureau’s and DOJ’s joint complaint alleged that Trident violated the Equal Credit Opportunity Act, Regulation B, and the Consumer Financial Protection Act of 2010. The consent order, which the court entered on September 14, 2022, imposed injunctive relief and a civil money penalty. The states of Delaware, New Jersey, and Pennsylvania entered into concurrent agreements with Trident. On May 23, 2025, the Bureau and the DOJ filed an unopposed motion to terminate the consent order and dismiss with prejudice. On June 2, 2025, the court terminated the September 14, 2022 consent order and dismissed the case with prejudice. Order Terminating Consent Order and Dismissing with Prejudice CFPB, DOJ Order Trident Mortgage Company to Pay More Than $22 Million for Deliberate Discrimination Against Minority Families Director Chopra’s Prepared Remarks at a Joint DOJ, CFPB Press Event on the Trident Enforcement Action",,,https://www.consumerfinance.gov/enforcement/actions/trident-mortgage-company-lp/,true,,exact
us-bank-national-association,2022-07-28,U.S. Bank National Association,us-bank-national-association-san-francisco-main-branch,,"On July 28, 2022, the Bureau issued a consent order against U.S. Bank National Association, a national bank headquartered in Minneapolis, Minnesota. The Bureau found that U.S. Bank issued credit cards and lines of credit and opened deposit accounts for certain consumers without their knowledge and consent and without required applications and disclosures in violation of the Truth in Lending Act, Truth in Savings Act, and their implementing regulations, and the Consumer Financial Protection Act of 2010. The Bureau further found that U.S. Bank violated the Fair Credit Reporting Act by using or obtaining consumer reports without a permissible purpose in connection with unauthorized applications for credit cards. The order required U.S. Bank to comply with the law and develop a plan to remediate harmed consumers, and pay a $37.5 million penalty to the Bureau. On August 21, 2025, pursuant to the Bureau’s authority under 12 U.S.C. § 5563(b)(3) and under Paragraph 79 of the order, the Bureau terminated the order and waived any alleged non-compliance therewith. U.S. Bank has fulfilled certain obligations under the order, including, among other things, paying a civil money penalty of $37,500,000 to the Bureau required by Section IX of the order, issuing redress payments required by Section VIII of the order, and taking steps to implement injunctive relief to prevent future violations required by “Conduct Provisions” of the order. CFPB Fines U.S. Bank $37.5 Million for Illegally Exploiting Personal Data to Open Sham Accounts for Unsuspecting Customers",,,https://www.consumerfinance.gov/enforcement/actions/us-bank-national-association/,true,,unique-prefix
hello-digit-llc,2022-08-10,"Hello Digit, LLC",hello-digit,,"On August 10, 2022, the Bureau issued an order against Hello Digit, LLC (“Hello Digit”), a financial-technology company that offers consumers an automated-savings tool. When consumers sign up for the service, Hello Digit uses a proprietary algorithm to make automatic transfers from the consumer’s checking account, called “auto-saves,” to an account held in Hello Digit’s name. Hello Digit represented that the tool “never transfers more than you can afford,” provided a “no overdraft guarantee,” and represented that, in the unlikely event of an overdraft, Hello Digit would reimburse consumers. The Bureau found that Hello Digit engaged in deceptive acts or practices because, in fact, Hello Digit’s automated-savings tool routinely caused consumers’ checking accounts to overdraft and Hello Digit did not always reimburse consumers for overdraft fees caused by the auto-save tool. The Bureau also found that as early as mid-2017, Hello Digit deceived consumers when it represented that it would not keep any interest earned on consumer funds that it was holding, when in fact Hello Digit kept a significant amount of the interest earned. The order enjoins Hello Digit from making any misrepresentations related to its auto-save tool and requires that Hello Digit provide at least $68,145 in redress to all consumers who were denied reimbursement requests for overdraft fees caused by Hello Digit’s auto-save tool. Hello Digit must also pay a $2.7 million penalty. CFPB Takes Action Against Hello Digit for Lying to Consumers About Its Automated Savings Algorithm",,,https://www.consumerfinance.gov/enforcement/actions/hello-digit-llc/,true,,exact
moneylion-technologies-inc-ml-plus-llc-and-other-subsidiaries,2022-09-29,"MoneyLion Technologies Inc., ML Plus, LLC, and other subsidiaries",,,"On September 29, 2022, the Bureau filed a lawsuit against MoneyLion Technologies Inc. (MoneyLion), ML Plus, LLC, and 37 MoneyLion lending subsidiaries.",,,https://www.consumerfinance.gov/enforcement/actions/moneylion-technologies-inc-ml-plus-llc-and-other-subsidiaries/,false,company-unresolved:no-match,no-match
choice-money-transfer,2022-10-04,"Choice Money Transfer, Inc. d/b/a Small World Money Transfer",choice-money-transfer,,"On October 4, 2022, the Bureau issued an order against Choice Money Transfer, Inc., which does business as Small World Money Transfer (Choice Money). Choice Money is a nonbank remittance transfer provider incorporated in New York and headquartered in New Jersey which offers remittances in at least 27 states and the District of Columbia. It provides remittances to over 90 countries worldwide through a nationwide network of over 2,000 agents and handles more than 500,000 transactions each month. The Bureau found that since the 2013 effective date of the Remittance Transfer Rule, Choice Money engaged in practices that violated numerous provisions of the Electronic Fund Transfer Act (EFTA) and its implementing Regulation E, including Subpart B, known as the Remittance Transfer Rule. Specifically, the Bureau found that Choice Money failed to comply with a wide range of disclosure requirements set out in EFTA and the Remittance Transfer Rule. Choice Money failed to disclose accurately certain required information, including when funds would be available to recipients, exchange rates, and transfer fees. Its disclosures also failed to use proper terms, to adequately disclose other key terms, to clearly and conspicuously disclose the exchange rate, and to provide disclosures in both English and Spanish as required by the Remittance Transfer Rule. Choice Money also failed to refund fees after senders properly submitted error resolution requests; failed to obtain consumer consent prior to providing receipts in electronic form on its mobile application and website platforms; failed to develop and maintain required policies and procedures for error resolution and to retain evidence demonstrating that it complied with error resolution requirements; and included in its disclosures an improper waiver of consumer rights under EFTA. These violations also constituted violations of the Consumer Financial Protection Act of 2010. The consent order requires Choice Money to come into compliance and to pay a civil money penalty of $950,000. CFPB Takes Action Against Choice Money for Remittance Failures",,,https://www.consumerfinance.gov/enforcement/actions/choice-money-transfer/,true,,exact
active-network-llc,2022-10-18,"ACTIVE Network, LLC",,,"On October 18, 2022, the Bureau filed a lawsuit in the United States District Court for the Eastern District of Texas against ACTIVE Network, LLC, a payment processor owned by Global Payments, Inc., with its headquarters in Plano, Texas.",,,https://www.consumerfinance.gov/enforcement/actions/active-network-llc/,false,company-unresolved:no-match,no-match
carrington-mortgage-services-llc,2022-11-17,"Carrington Mortgage Services, LLC",carrington-mortgage-services,,"On November 17, 2022, the Bureau issued an order against Carrington Mortgage Services, LLC, a California-based mortgage servicer operating in all fifty states. Carrington services a large number of federally backed mortgage loans, which are made or guaranteed by federal agencies or government-sponsored entities (GSEs). In 2020, Congress passed the CARES Act, which provided borrowers with federally backed mortgage loans who were experiencing financial hardship during the COVID-19 emergency with certain assistance, including forbearances of up to 180-days each upon request and protections for credit reporting. The federal agencies and GSEs also issued guidelines to their servicers relating to assistance to borrowers during the pandemic. The Bureau found that Carrington failed to implement a number of those protections. The Bureau also determined that Carrington violated the Consumer Financial Protection Act of 2010 as well as certain provisions of the Fair Credit Reporting Act and its implementing regulation, Regulation V. The order required Carrington to, among other things, establish policies and procedures to prevent the issues from recurring and pay a civil money penalty of $5.25 million. On July 21, 2025, pursuant to its authority under 12 U.S.C. § 5563(b)(3), the Bureau terminated the order and waived any alleged non-compliance therewith. Carrington fulfilled certain obligations under the order, including paying a civil money penalty of $5,250,000 to the Bureau, and taking steps to identify and provide refunds to affected consumers who had not yet received refunds as of the effective date of the order. CFPB Takes Action Against Carrington Mortgage for Cheating Homeowners out of CARES Act Rights",,,https://www.consumerfinance.gov/enforcement/actions/carrington-mortgage-services-llc/,true,,exact
wells-fargo-bank-na-2022,2022-12-20,"Wells Fargo Bank, N.A.",,,"On December 20, 2022, the Bureau issued an order against Wells Fargo Bank, N.A., which is a national bank headquartered in Sioux Falls, South Dakota.",,,https://www.consumerfinance.gov/enforcement/actions/wells-fargo-bank-na-2022/,false,company-unresolved:no-match,no-match
servicio-uniteller-inc,2022-12-22,"Servicio UniTeller, Inc.",,,"On December 22, 2022, the Bureau issued an order against Servicio UniTeller, Inc. (UniTeller), a nonbank remittance transfer provider headquartered in Rochelle Park, New Jersey.",,,https://www.consumerfinance.gov/enforcement/actions/servicio-uniteller-inc/,false,company-unresolved:no-match,no-match
credit-acceptance-corporation,2023-01-04,Credit Acceptance Corporation,credit-acceptance,,"On January 4, 2023, the Bureau and New York Attorney General Letitia James filed a joint lawsuit in the United States District Court for the Southern District of New York against Credit Acceptance Corporation, an indirect auto lender that funds and services car loans for subprime and deep-subprime consumers. The joint complaint alleged that Credit Acceptance engaged in deceptive and abusive acts or practices in violation of the Consumer Financial Protection Act of 2010. On April 24, 2025, the Bureau filed a consent motion to withdraw as a plaintiff, which the court granted on April 29, 2025. Order Granting Consent Motion by Plaintiff Consumer Financial Protection Bureau to Withdraw as Plaintiff CFPB and New York Attorney General Sue Credit Acceptance for Hiding Auto Loan Costs, Setting Borrowers Up to Fail",,,https://www.consumerfinance.gov/enforcement/actions/credit-acceptance-corporation/,true,,exact
tmx-finance-llc-2023,2023-02-23,TMX Finance LLC,tmx-finance,,"On February 23, 2023, the Bureau issued an order against TitleMax parent company TMX Finance LLC, which extends consumer loans that are secured by the title to the borrower’s car. The Military Lending Act (MLA) contains a number of protections for active-duty servicemembers, their spouses, children, and other dependents, defined as “covered borrowers.” Among other protections, the MLA prohibits nonbank creditors from using vehicle titles to secure loans to covered borrowers. The Bureau found that TitleMax violated the MLA by extending thousands of title loans to covered borrowers; extending loans that exceeded the MLA’s 36% Military Annual Percentage Rate (MAPR) cap; failing to make disclosures required under the MLA; extending loans to covered borrowers with MLA-prohibited arbitration clauses; and extending loans to covered borrowers with onerous notice requirements. The Bureau also found that TitleMax engaged in unfair acts or practices in violation of the Consumer Financial Protection Act of 2010 (CFPA) by charging borrowers for an insurance product that provided no coverage on about 15,000 loans. The Bureau further found that in doing so, TitleMax understated the finance charges and annual percentage rates of those loans, violating the Truth in Lending Act and CFPA. The order requires TitleMax to stop its unlawful activities, pay $5,050,000 in consumer redress, and pay a $10,000,000 penalty. CFPB Orders TitleMax to Pay a $10 Million Penalty for Unlawful Title Loans and Overcharging Military Families",,,https://www.consumerfinance.gov/enforcement/actions/tmx-finance-llc-2023/,true,,exact
rmk-financial-corp-majestic-home-loan-mhl,2023-02-27,RMK Financial Corp. d/b/a Majestic Home Loan or MHL,,,"On February 27, 2023, the Consumer Financial Protection Bureau (Bureau) issued an order against RMK Financial Corp. (RMK), a California-based mortgage lender that also does business under the name Majestic Home Loans.",,,https://www.consumerfinance.gov/enforcement/actions/rmk-financial-corp-majestic-home-loan-mhl/,false,company-unresolved:no-match,no-match
portfolio-recovery-associates-llc,2023-03-23,"Portfolio Recovery Associates, LLC",portfolio-recovery-associates,,"On March 23, 2023, the Bureau filed a complaint and proposed stipulated final judgment and order to resolve the Bureau’s claims against Portfolio Recovery Associates, LLC, one of the largest debt collectors in the United States. The court entered the order on April 13, 2023. On September 9, 2015, the Bureau issued an order against Portfolio Recovery Associates (2015 Order) to address the Bureau’s findings that Portfolio Recovery Associates violated the Consumer Financial Protection Act of 2010 (CFPA) and the Fair Debt Collection Practices Act (FDCPA) in connection with Portfolio Recovery Associates’ debt collection practices. The Bureau alleged that Portfolio Recovery Associates violated the 2015 Order, the CFPA, the FDCPA, and the Fair Credit Reporting Act (FCRA) and its implementing Regulation V. Specifically, the Bureau alleged that Portfolio Recovery Associates violated the CFPA and, in some instances, the FDCPA, when it violated multiple conduct provisions from the 2015 Order, including prohibitions on (1) representing the amount or validity of unsubstantiated debt; (2) collecting on debt without offering to provide necessary documentation to consumers; (3) mispresenting that it would provide the offered documents within thirty days; (4) collecting on time-barred debt without making required disclosures; (5) initiating debt collection lawsuits without possessing required documentation; and (6) suing to collect time-barred debt. The Bureau also alleged that several of Portfolio Recovery Associates’ practices for resolving disputes about information it furnished to consumer reporting agencies (CRAs) violated FCRA, Regulation V, and the CFPA. Specifically, the Bureau claimed that Portfolio Recovery Associates failed to (1) timely resolve disputes submitted by consumers directly to Portfolio Recovery Associates ; (2) properly respond to disputes that Portfolio Recovery Associates deemed frivolous; (3) conduct reasonable investigations of consumer’s disputes; and (4) maintain reasonable policies and procedures regarding the accuracy and integrity of consumer information that it furnished to CRAs. The Bureau alleged that Portfolio Recovery Associates illegally collected millions of dollars through its unlawful conduct, and that its illegal dispute resolution practices impacted at least tens of thousands of consumers. The order requires Portfolio Recovery Asso",,,https://www.consumerfinance.gov/enforcement/actions/portfolio-recovery-associates-llc/,true,,exact
james-r-carnes-melissa-c-carnes-james-r-carnes-revocable-trust-melissa-c-carnes-revocable-trust,2023-04-05,James R. Carnes; Melissa C. Carnes; James R. Carnes Revocable Trust; Melissa C. Carnes Revocable Trust,,,"On April 5, 2023, the Bureau filed a lawsuit against James R. Carnes and his wife, Melissa C. Carnes, both individually and in their roles as co-trustees of two trusts, as a result of James Carnes’s efforts to conceal assets and avoid paying a judgment of more than $43 million to the Bureau.",,,https://www.consumerfinance.gov/enforcement/actions/james-r-carnes-melissa-c-carnes-james-r-carnes-revocable-trust-melissa-c-carnes-revocable-trust/,false,company-unresolved:no-match,no-match
onemain-financial-holdings-llc-et-al,2023-05-31,"OneMain Financial Holdings, LLC; OneMain Financial Group, LLC; OneMain Financial (HI), Inc.; OneMain Financial, Inc.; OneMain Financial of Minnesota, Inc.",onemain-financial,,"On May 31, 2023, the Consumer Financial Protection Bureau (Bureau) issued an order against OneMain Financial Holdings, LLC; OneMain Financial Group, LLC; OneMain Financial (HI), Inc.; OneMain Financial, Inc.; and OneMain Financial of Minnesota, Inc. (collectively referred to as OneMain). OneMain is an Indiana-based personal loan installment lender with more than 1,400 branches across 44 states. In connection with loan originations and renewals, OneMain markets, sells, and finances add-on products, including credit life insurance, credit disability insurance, and identity theft protection. For several years, OneMain misrepresented to tens of thousands of consumers who purchased and then subsequently canceled optional add-on products that they could cancel the products during what it called a “full refund period” and be returned to the financial position they would have been in had the product never been added to their loan. The Bureau found that OneMain engaged in deceptive acts or practices in violation of the Consumer Financial Protection Act of 2010 (CFPA) by misleading consumers into believing they must purchase add-on products to receive loans and that they could cancel the add-on products within a prescribed time period without cost. The Bureau also found that OneMain engaged in unfair acts or practices in violation of the CFPA by charging and failing to refund the full premium and interest that accrued on add-on products consumers did not agree to purchase and by charging and failing to refund interest that accrued on add-on product fees during a purported full-refund period. Finally, the Bureau found that OneMain violated the CFPA by abusively interfering with consumers’ ability to understand that add-on products were optional and that OneMain charged non-refundable interest during the purported full-refund period. The order requires OneMain to stop its unlawful activities, adjust its policies to make cancellation of add-on products easier, include interest in refunds after add-on product cancellations, pay at least $10,000,000 in consumer redress, and pay a $10,000,000 civil money penalty. OneMain must also take measures to ensure future compliance. CFPB Orders Installment Lender OneMain to Pay $20 Million for Deceptive Sales Practices",,,https://www.consumerfinance.gov/enforcement/actions/onemain-financial-holdings-llc-et-al/,true,,exact
phoenix-financial-services-llc,2023-06-08,"Phoenix Financial Services, LLC",phoenix-financial-services,,"On June 8, 2023, the Consumer Financial Protection Bureau (Bureau) issued an order against Phoenix Financial Services, LLC (Phoenix), an Indiana-based debt collector that collects primarily past-due medical debts and furnishes information about consumers to consumer reporting agencies (CRAs). The Bureau found that Phoenix violated the Fair Credit Reporting Act and its implementing Regulation V by failing to establish and implement reasonable written policies and procedures regarding the accuracy and integrity of information it furnishes to CRAs; failing to conduct reasonable investigations of consumer disputes about information Phoenix furnished to CRAs; and failing to report the results of direct dispute investigations to consumers. The Bureau also found that Phoenix violated the Fair Debt Collection Practices Act by sending debt collection letters to consumers before providing the consumer a verification of the debt when Phoenix had received a written dispute from the consumer within 30 days of the consumer’s receipt of a debt validation notice; and by misrepresenting to consumers that they owed alleged debts in certain circumstances when Phoenix lacked a reasonable basis to make those representations. The order requires Phoenix to provide redress to affected consumers by refunding all amounts paid to Phoenix on an unverified debt between January 1, 2017 and the date of the order by consumers who received an unlawful debt collection letter from Phoenix after disputing the validity of the alleged debt. The order also requires Phoenix to abide by certain conduct provisions to prevent it from engaging in the violations found by the Bureau and to pay a $1.675 million civil money penalty. CFPB Orders Phoenix Financial Services to Pay $1.675 Million Penalty for Unlawful Debt Collection and Credit Reporting Practices",,,https://www.consumerfinance.gov/enforcement/actions/phoenix-financial-services-llc/,true,,exact
aci-worldwide-corp-and-aci-payments-inc,2023-06-27,ACI Worldwide Corp. and ACI Payments Inc.,aci-worldwide,,"On June 27, 2023, the Bureau issued an order against ACI Worldwide Corp. and ACI Payments Inc. (collectively, ACI), a nationwide payment processor headquartered in Elkhorn, Nebraska. The Bureau found that ACI’s employees improperly accessed and used sensitive consumer financial information for internal testing purposes and without employing appropriate information safety controls. These internal tests created fake payment processing files that were treated as containing legitimate consumer bill payment orders by ACI’s consumer bill payment platform. Due to weaknesses in its information security practices, ACI caused the erroneous bill payment orders to be sent to consumers’ banks for processing. These actions initiated debits totaling approximately $2.3 billion in mortgage payments from nearly 500,000 borrower bank accounts without their knowledge or authorization. The Bureau found that ACI’s actions violated the Electronic Fund Transfer Act and its implementing rule, Regulation E, as well as the Consumer Financial Protection Act of 2010’s prohibition of unfair acts and practices. The order requires ACI to stop its unlawful activities and adopt and enforce reasonable information security practices. The order also requires ACI to pay a $25 million civil money penalty. CFPB Takes Action Against ACI Worldwide for Illegally Processing $2.3 Billion in Mortgage Payments that Homeowners Did Not Authorize",,,https://www.consumerfinance.gov/enforcement/actions/aci-worldwide-corp-and-aci-payments-inc/,true,,exact
bank-of-america-n-a-fees,2023-07-11,"Bank of America, N.A.",bank-of-america,,"On July 11, 2023, the Bureau issued an order against Bank of America, N.A., which is a national bank headquartered in Charlotte, North Carolina with branches and ATMs located in 38 states and the District of Columbia. When a consumer writes a check or authorizes an ACH transaction to a merchant or other payee using their deposit account at Bank of America, the merchant or other payee may then present that check or ACH authorization to the bank for payment. Until February 2022, if a consumer did not have sufficient funds in their account to pay for the transaction and the bank decided not to pay it, Bank of America assessed the consumer a $35 non-sufficient funds fee. Merchants commonly “re-present” these returned transactions—that is, they again try to receive payment—often multiple times. For many years, Bank of America assessed non-sufficient fund fees on ACH and check transactions that it returned unpaid even though it had already assessed a $35 fee for the same ACH or check transaction that it had previously returned unpaid (i.e., repeat non-sufficient fund fees). Bank of America would assess these repeat non-sufficient fund fees potentially as soon as the next day after the initial transaction. From September 2018 until February 2022, Bank of America generated hundreds of millions of dollars in such fees. The Bureau found that Bank of America’s assessment of repeat non-sufficient fund fees was unfair in violation of the Consumer Financial Protection Act of 2010. The Bureau’s order requires Bank of America to refund all repeat non-sufficient fund fees that it collected since September 2018 and has not yet refunded, totaling approximately $80.4 million in redress. The bank must also pay a $60 million civil penalty to the Bureau. The Office of the Comptroller of the Currency (OCC) concurrently issued an order against the Bank separately fining it $60 million. CFPB Takes Action Against Bank of America for Illegally Charging Junk Fees, Withholding Credit Card Rewards, and Opening Fake Accounts",,,https://www.consumerfinance.gov/enforcement/actions/bank-of-america-n-a-fees/,true,,exact
bank-of-america-n-a-sales-practices-credit-card-rewards,2023-07-11,"Bank of America, N.A.",bank-of-america,,"On July 11, 2023, the Bureau issued an order against Bank of America, N.A., which is a depository institution based in Charlotte, North Carolina to address the Bureau’s findings regarding the bank’s opening unauthorized consumer financial accounts and its misleading statements regarding certain credit cards rewards. Specifically, the Bureau found that in certain instances Bank of America opened credit card accounts without consumer consent and in doing so, obtained consumer credit reports without a permissible purpose, in violation of the Truth in Lending Act and its implementing regulation, the Fair Credit Reporting Act, and the Consumer Financial Protection Act of 2010. The Bureau further found that Bank of America engaged in deceptive acts or practices by: (a) advertising a sign-up bonus for a rewards card on its website, making it appear it was available to all applicants, but later denying the bonus to consumers who applied over the phone or in person and not online; and (b) offering a sign-up bonus for a rewards card to certain consumers but then failing to provide them the promised bonuses due to employee error. The order requires the Bank to come into compliance, pay redress to consumers and verify previously administered redress, and pay a $30 million civil money penalty. CFPB Takes Action Against Bank of America for Illegally Charging Junk Fees, Withholding Credit Card Rewards, and Opening Fake Accounts",,,https://www.consumerfinance.gov/enforcement/actions/bank-of-america-n-a-sales-practices-credit-card-rewards/,true,,exact
prehired-llc-et-al,2023-07-13,"Prehired, LLC, Prehired Recruiting, LLC, and Prehired Accelerator, LLC",,,"On July 13, 2023, the Bureau and several state partners filed a complaint in an adversary proceeding against Prehired, LLC, Prehired Recruiting, LLC, and Prehired Accelerator, LLC.",,,https://www.consumerfinance.gov/enforcement/actions/prehired-llc-et-al/,false,company-unresolved:no-match,no-match
snap-finance-llc-snap-rto-llc-snap-second-look-llc-snap-us-holdings-llc-snap-finance-holdings-llc,2023-07-19,"Snap Finance LLC, Snap RTO LLC, Snap Second Look LLC, Snap U.S. Holdings LLC, Snap Finance Holdings LLC",,,"On July 19, 2023, the Bureau filed a lawsuit against Snap Finance LLC, Snap RTO LLC, Snap Second Look LLC, Snap U.S. Holdings LLC, and Snap Finance Holdings LLC (collectively, Snap), a group of interrelated companies headquartered in West Valley, Utah.",,,https://www.consumerfinance.gov/enforcement/actions/snap-finance-llc-snap-rto-llc-snap-second-look-llc-snap-us-holdings-llc-snap-finance-holdings-llc/,false,company-unresolved:no-match,no-match
usasf-servicing-llc,2023-08-02,"USASF Servicing, LLC",,,"On August 2, 2023, the Bureau filed a lawsuit against USASF Servicing, LLC, an auto-loan servicer headquartered in Lawrenceville, Georgia.",,,https://www.consumerfinance.gov/enforcement/actions/usasf-servicing-llc/,false,company-unresolved:no-match,no-match
freedom-mortgage-corporation-2023-respa,2023-08-17,Freedom Mortgage Corporation,freedom-mortgage,,"On August 17, 2023, the Bureau issued an order against Freedom Mortgage Corporation (Freedom), a residential mortgage loan originator and servicer headquartered in Boca Raton, Florida, for providing things of value—including subscription services, events, and monthly marketing services agreement payments—in exchange for referrals of mortgage loans in violation of the Real Estate Settlement Procedures Act and its implementing Regulation X. The order requires Freedom to stop its unlawful activities and pay a $1.75 million civil money penalty. The CFPB separately took action against Realty Connect USA Long Island, Inc., a real estate brokerage firm based in New York, for accepting things of value from Freedom for mortgage referrals. The order against Realty Connect also requires it to stop its unlawful activities and pay a civil money penalty of $200,000. CFPB Penalizes Freedom Mortgage and Realty Connect for Illegal Kickbacks",,,https://www.consumerfinance.gov/enforcement/actions/freedom-mortgage-corporation-2023-respa/,true,,exact
realty-connect-usa-long-island-inc,2023-08-17,"Realty Connect USA Long Island, Inc.",,,"On August 17, 2023, the Bureau issued an order against Realty Connect USA Long Island, Inc. (Realty Connect), a real estate brokerage firm based in Suffolk County, New York.",,,https://www.consumerfinance.gov/enforcement/actions/realty-connect-usa-long-island-inc/,false,company-unresolved:no-match,no-match
heights-finance-holding-co-fka-southern-management-corporation-et-al,2023-08-22,"Heights Finance Holding Co. f/k/a Southern Management Corporation, et al.",,,"On August 22, 2023, the Bureau filed a lawsuit against Heights Finance Holding Co. f/k/a Southern Management Corporation as well as its wholly owned, state-licensed subsidiaries.",,,https://www.consumerfinance.gov/enforcement/actions/heights-finance-holding-co-fka-southern-management-corporation-et-al/,false,company-unresolved:no-match,no-match
tempoe-llc,2023-09-11,"Tempoe, LLC",,,"On September 11, 2023, the Bureau issued an order against Tempoe, LLC, a nonbank consumer finance company, with offices in Cincinnati, Ohio and Manchester, New Hampshire.",,,https://www.consumerfinance.gov/enforcement/actions/tempoe-llc/,false,company-unresolved:no-match,no-match
freedom-mortgage-corporation-hmda-2023,2023-10-10,Freedom Mortgage Corporation,freedom-mortgage,,"On October 10, 2023, the Bureau filed a lawsuit against Freedom Mortgage Corporation (Freedom), a residential mortgage loan originator and servicer headquartered in Boca Raton, Florida. In 2020, Freedom reported Home Mortgage Disclosure Act (HMDA) data on over 700,000 loans and applications and originated nearly 400,000 HMDA-reportable loans, making it the third largest mortgage lender in the United States by origination volume. In 2019, the Bureau issued an order against Freedom finding that it intentionally misreported certain HMDA data fields from at least 2014 to 2017 (2019 Order). The Bureau’s 2023 complaint alleged that the mortgage loan data for 2020 that Freedom submitted pursuant to HMDA contained widespread errors across multiple data fields, in violation of HMDA and its implementing Regulation C. These alleged HMDA violations occurred while Freedom was under the 2019 Order. The Bureau’s complaint further alleged that by reporting inaccurate mortgage loan data for 2020, Freedom also violated the 2019 Order and the Consumer Financial Protection Act of 2010 (CFPA). On June 26, 2024, the court entered a stipulated final judgment and order that imposes injunctive relief designed to prevent Freedom from violating the law in the future, including requirements to regularly audit, test, and correct the company’s HMDA data. It also requires Freedom to pay a $3.95 million civil money penalty. Stipulated Final Judgment and Order (This version has been modified from the version that was entered by the court in order to optimize the reading experience for individuals with disabilities. No text has been changed.) CFPB Sues Repeat Offender Freedom Mortgage Corporation for Providing False Information to Federal Regulators CFPB Takes Action Against Repeat Offender Freedom Mortgage Corporation for Violating Law Enforcement Order and for Housing Data Errors",,,https://www.consumerfinance.gov/enforcement/actions/freedom-mortgage-corporation-hmda-2023/,true,,exact
transunion-rental-screening-solutions-inc-and-trans-union-llc,2023-10-12,"TransUnion Rental Screening Solutions, Inc. and Trans Union LLC",,,"On October 12, 2023, the Bureau and the Federal Trade Commission filed a joint complaint and stipulated order against TransUnion Rental Screening Solutions, Inc., a Delaware corporation with its principal place of business in Greenwood Village, Colorado, and its parent company, Trans Union LLC, a Delaware company with its principal place of business in Chicago, Illinois.",,,https://www.consumerfinance.gov/enforcement/actions/transunion-rental-screening-solutions-inc-and-trans-union-llc/,false,company-unresolved:no-match,no-match
transunion-trans-union-llc-and-transunion-interactive-inc,2023-10-12,"TransUnion, Trans Union LLC, and TransUnion Interactive, Inc.",transunion-intermediate,,"On October 12, 2023, the Bureau issued an order against TransUnion, parent company of one of the three nationwide consumer reporting agencies, and two of its subsidiaries, Trans Union LLC, and TransUnion Interactive, Inc. (collectively, TransUnion), which are headquartered in Chicago, Illinois. Security freezes and locks block certain third parties, such as lenders, from accessing consumers’ credit reports to prevent a potential identity thief from obtaining new credit in those consumers’ names. The Bureau found that TransUnion, from as early as 2003, violated the Fair Credit Reporting Act (FCRA) and the Consumer Financial Protection Act of 2010 (CFPA) by failing to timely place or remove security freezes on the credit reports of consumers who requested them, and the CFPA by failing to timely place or remove locks on the credit reports of consumers who requested them. The Bureau also found that TransUnion violated the CFPA by falsely telling certain consumers that their requests had been successful when they were not. The Bureau further found that from about 2016 to 2020, TransUnion failed to exclude certain consumers, including active-duty military and other potential victims of identity theft, from pre-screened solicitation lists in violation of FCRA. The Bureau’s order required TransUnion to pay $3 million to consumers in redress and $5 million in civil penalties, and to take steps to address and prevent unlawful conduct. On November 3, 2025, pursuant to the Bureau’s authority under 12 U.S.C. § 5563(b)(3) and Paragraph 133 of the order, the Bureau terminated the order. TransUnion has fulfilled its obligations under the order, including paying a civil money penalty of $5 million to the Bureau as required by Section IX of the order, making redress payments required by Section VIII of the order, and taking steps to implement injunctive relief required by the “Conduct Provisions” of the order to prevent future violations. Consumer contact informationConsumers with inquiries related to redress under the order may contact TransUnion by toll-free phone at 1-833-415-2754; email at info@securityfreezeredress.com; or mail at TransUnion Security Freeze Redress, C/O Rust Consulting Inc – 8454, PO Box 2742, Faribault, MN 55021-9742. Consumers may also inquire in person at Rust Consulting Inc., For TransUnion Security Freeze Redress – 8454, 920 2nd Ave S Ste 400, Minne",,,https://www.consumerfinance.gov/enforcement/actions/transunion-trans-union-llc-and-transunion-interactive-inc/,true,,unique-prefix
chime-inc-dba-sendwave,2023-10-17,"Chime, Inc. d/b/a Sendwave",chime,,"On October 17, 2023, the Bureau issued an order against Chime, Inc. doing business as Sendwave, a nonbank remittance transfer provider headquartered in Boston, Massachusetts. Sendwave offers and provides consumers international money transfer services, known as remittance transfers, in 50 states and the District of Columbia through its mobile application, the Sendwave App. The app enables users to send money to recipients in several countries primarily in Africa and Asia. The Bureau found that Sendwave violated the Consumer Financial Protection Act of 2010’s (CFPA) prohibition on deceptive acts and practices by misrepresenting to consumers the speed and cost of its remittance transfers. The Bureau also found that Sendwave violated the Electronic Fund Transfer Act (EFTA) and its implementing Regulation E, including Subpart B, known as the Remittance Transfer Rule, by: (1) wrongly requiring customers to waive their rights; (2) failing to provide required disclosures, including the date of fund availability and exchange rate; (3) failing to provide timely disclosures; and (4) failing to investigate errors properly and maintain required policies and procedures for error resolution. The violations of EFTA and Regulation E also constitute violations of the CFPA. The order requires Sendwave to provide approximately $1.5 million in redress to consumers and to pay a $1.5 million civil money penalty. Sendwave must also take measures to ensure future compliance. Consumer contact informationConsumers with inquiries related to redress under the order may contact Sendwave by toll-free phone at 1-888-966-8603; by email at help@sendwave.com; or by mail or in person at Sendwave, 100 Hano St, Ste 9, Boston, MA 02134. CFPB Takes Action Against Operator of Sendwave App for Illegally Cheating People on International Money Transfers",,,https://www.consumerfinance.gov/enforcement/actions/chime-inc-dba-sendwave/,true,,exact
citibank-n-a,2023-11-08,"Citibank, N.A.",citibank,,"On November 8, 2023, the Bureau issued an order against Citibank, N.A., which is a national bank headquartered in New York City, New York. The Bureau found that Citibank violated the Equal Credit Opportunity Act (ECOA) and its implementing Regulation B by discriminating against certain credit card applicants based on their national origin. The Bureau also found that Citibank failed to provide applicants with an accurate and adequate statement of the specific reasons for the adverse action when the applicant was denied based on their national origin in violation of ECOA and Regulation B. Citibank’s violations of ECOA also constitute violations of the CFPA. The order required Citibank to provide $1.4 million in redress to consumers and pay a $24.5 million civil money penalty. The order also required Citibank to stop its illegal discrimination and take measures to ensure future compliance. On October 16, 2025, pursuant to the Bureau’s authority under 12 U.S.C. § 5563(b)(3) and under Paragraph 74 of the order, the Bureau terminated the order and waived any alleged non-compliance therewith. Citibank has fulfilled certain obligations under the order, including paying a civil money penalty of $24.5 million to the Bureau as required by Section X of the order, making redress payments required by Section IX of the order, and taking steps to implement injunctive relief to prevent future violations required by the “Conduct Provisions” of the order. CFPB Orders Citi to Pay $25.9 Million for Intentional, Illegal Discrimination Against Armenian Americans",,,https://www.consumerfinance.gov/enforcement/actions/citibank-n-a/,true,,exact
enova-international-inc-2023,2023-11-15,"Enova International, Inc.",enova-international,,"On November 15, 2023, the Bureau issued an order against Enova International, Inc., a publicly-traded online small-dollar lender, headquartered in Chicago, Illinois, that markets, provides, and services loans under the brand names CashNetUSA (CNU) and NetCredit. In 2019, the Bureau issued an order against Enova based on the Bureau’s finding that Enova violated the Consumer Financial Protection Act of 2010 (CFPA) by debiting consumers’ bank accounts without authorization and failing to honor loan extensions it granted to consumers. The Bureau found that Enova violated the 2019 Order and the CFPA, including by debiting or attempting to debit consumers’ accounts without their authorization. The order imposed injunctive requirements on Enova including requiring it to come into compliance with the law, required Enova to provide redress to all consumers whose accounts it debited without their express informed consent, and required Enova to pay a $15 million civil money penalty. On September 2, 2025, pursuant to the Bureau’s authority under 12 U.S.C. § 5563(b)(3) and under Paragraph 120 of the order, the Bureau terminated the order and waived any alleged non-compliance therewith. Enova has fulfilled certain obligations under the order, including, among other things, paying a civil money penalty of $15 million to the Bureau required by Section XI of the order; retaining a third-party consultant to determine whether Enova’s business records reflect that it provided redress to all affected consumers, as required by Paragraph 81 of the order; taking steps to provide redress to certain affected consumers whom the third-party consultant determined had not previously received complete redress, as required by Paragraph 85 of the order; and taking steps to implement injunctive relief to prevent future violations required by “Conduct Provisions” of the order. CFPB Fines Repeat Offender Enova $15 Million for Violating Order, Deceiving Customers, and Withdrawing Funds Without Consent",,,https://www.consumerfinance.gov/enforcement/actions/enova-international-inc-2023/,true,,exact
toyota-motor-credit-corporation-2023,2023-11-20,Toyota Motor Credit Corporation,toyota-motor-credit,,"On November 20, 2023, the Bureau issued an order against Toyota Motor Credit Corporation (“Toyota Motor Credit”), which is the United States-based auto-financing arm of Toyota Motor Corporation and one of the largest indirect auto lenders in the country. Toyota Motor Credit provides financing for vehicles and optional “add-on” products and services sold with the vehicles. These add-ons include Guaranteed Asset Protection (GAP), which waives some of a consumer’s remaining loan balance if their car is totaled but they still owe money on the loan even with car insurance, and Credit Life and Accidental Health (CLAH), which is designed to pay a remaining balance if the consumer dies or becomes disabled. The Bureau found that Toyota Motor Credit violated the Consumer Financial Protection Act of 2010 by: (1) unfairly and abusively making it unreasonably difficult for consumers to cancel unwanted add-ons, including when consumers complained that dealers had forced add-ons on consumers without their consent; (2) unfairly failing to ensure consumers received refunds of unearned GAP and CLAH premiums when they paid off their loans early or ended lease agreements early, making the products no longer of any value to consumers; and (3) unfairly failing to provide accurate refunds to consumers who canceled their vehicle service agreements as a result of flawed system logic. The Bureau also found that Toyota Motor Credit violated the Fair Credit Reporting Act and its implementing Regulation V by falsely reporting customer accounts as delinquent even though customers had already returned their vehicles and failing to promptly correct the negative information it had sent to consumer reporting agencies; and failing to maintain reasonable policies and procedures to ensure payment information it sent to consumer reporting agencies was accurate. The order requires Toyota Motor Credit to pay $48 million in consumer redress and a $12 million civil money penalty. The order also requires Toyota Motor Credit to stop its unlawful practices and come into compliance with the law and prohibits incentive-based employee compensation or performance measurements in relation to add-on products. Pursuant to its authority under 12 U.S.C. § 5563(b)(3), on May 12, 2025, the Bureau terminated this Consent Order and waived any alleged non-compliance therewith. Consumer contact informationConsumers w",,,https://www.consumerfinance.gov/enforcement/actions/toyota-motor-credit-corporation-2023/,true,,exact
bank-of-america-na-hmda-data-2023,2023-11-28,"Bank of America, N.A.",bank-of-america,,"On November 28, 2023, the Bureau issued an order against Bank of America, N.A., which is a national bank headquartered in Charlotte, North Carolina with branches and ATMs located in 38 states and the District of Columbia. The order required Bank of America to pay a $12 million civil money penalty and to develop policies and procedures to ensure compliance with the Home Mortgage Disclosure Act (HMDA) and its implementing Regulation C. On June 5, 2025, pursuant to the Bureau’s authority under 12 U.S.C. § 5563(b)(3) and under Paragraph 72 of the order, the Bureau terminated the order. Bank of America has fulfilled the obligations under the order, including, among other things, payment of a civil money penalty of $12 million, development of a compliance plan and an annual report, and implementation of improvements to its HMDA compliance management system. CFPB Orders Bank of America to Pay $12 Million for Reporting False Mortgage Data",,,https://www.consumerfinance.gov/enforcement/actions/bank-of-america-na-hmda-data-2023/,true,,exact
atlantic-union-bank,2023-12-07,Atlantic Union Bank,,,"On December 7, 2023, the Bureau issued an order against Atlantic Union Bank, a regional bank headquartered in Richmond, Virginia.",,,https://www.consumerfinance.gov/enforcement/actions/atlantic-union-bank/,false,company-unresolved:no-match,no-match
commonwealth-financial-systems-inc,2023-12-15,"Commonwealth Financial Systems, Inc.",commonwealth-financial-systems,,"On December 15, 2023, the Bureau issued an order against Commonwealth Financial Systems, Inc. (Commonwealth), a Pennsylvania-based third-party debt collection company that collects past-due medical debts and furnishes information about consumers to consumer reporting agencies (CRAs). The Bureau found that Commonwealth violated the Fair Credit Reporting Act and its implementing Regulation V by failing to establish and implement reasonable written policies and procedures regarding the accuracy and integrity of information it furnishes to CRAs; failing to conduct reasonable investigations of consumer disputes about information Commonwealth furnished to CRAs; failing to report the results of direct dispute investigations to consumers; and furnishing information to CRAs without notifying the CRA that the information was disputed. The Bureau also found that Commonwealth violated the Fair Debt Collection Practices Act by sending debt collection letters to consumers before providing the consumer a verification of the debt when Commonwealth had received a written dispute from the consumer within 30 days of the consumer’s receipt of a debt validation notice; misrepresenting to consumers that they owed alleged debts in certain circumstances when Commonwealth lacked a reasonable basis to make those representations; and communicating credit information about alleged debts to CRAs but failing to communicate that the debts were disputed. Among other injunctive relief, the order permanently bans Commonwealth from participating in or assisting others in any debt collection activities, debt buying, debt selling, and consumer reporting activities and requires Commonwealth to submit to all CRAs to whom it previously furnished information about any consumer a request to delete all collection accounts for such consumers. The order also requires Commonwealth to pay a $95,000 civil money penalty. CFPB Shuts Down Commonwealth Financial Systems for Illegal Debt Collection Practices",,,https://www.consumerfinance.gov/enforcement/actions/commonwealth-financial-systems-inc/,true,,exact
us-bank-national-association-prepaid-cards-2023,2023-12-19,U.S. Bank National Association,us-bank-national-association-san-francisco-main-branch,,"On December 19, 2023, the Bureau issued an order against U.S. Bank in connection with its administration of prepaid debit cards that held unemployment insurance benefits. U.S. Bank offers prepaid debit cards to eligible consumers to distribute unemployment insurance benefits through its ReliaCard program. In the summer of 2020, U.S. Bank implemented new freeze criteria to determine whether to freeze a card due to suspected fraud. The Bureau found that U.S. Bank violated of the Consumer Financial Protection Act of 2010 by failing to provide eligible ReliaCard prepaid debit cardholders whose accounts U.S. Bank froze with adequate means to verify their identities and timely regain access to their benefits. The Bureau also found that U.S. Bank violated the Electronic Fund Transfer Act, and its implementing Regulation E, by failing to timely investigate ReliaCard prepaid debit cardholders’ notices of error concerning alleged unauthorized electronic fund transfers. The order required U.S. Bank to provide $5.7 million in redress to consumers and to pay a $15 million civil money penalty. The order also required U.S. Bank to take measures to ensure future compliance. The OCC concurrently issued an order against U.S. Bank addressing U.S. Bank’s conduct relating to administration of the ReliaCard program, separately fining it $15 million. On September 22, 2025, pursuant to the Bureau’s authority under 12 U.S.C. § 5563(b)(3) and under Paragraph 92 of the order, the Bureau terminated the order and waived any alleged non-compliance therewith. U.S. Bank has fulfilled certain obligations under the order, including, among other things, paying a civil money penalty of $15,000,000 to the Bureau required by Section IX of the order, making redress payments required by Section VIII of the order, and taking steps to implement injunctive relief to prevent future violations required by “Conduct Provisions” of the order. Consumer contact informationConsumers with inquiries related to redress under the order may contact U.S. Bank by toll-free phone at 1-855-282-6161; by email at ReliaCardInquiry@usbank.com; or by mail at P.O. Box 551617, Jacksonville, FL 32255. CFPB Orders U.S. Bank to Pay $21 Million for Illegal Conduct During COVID-19 Pandemic",,,https://www.consumerfinance.gov/enforcement/actions/us-bank-national-association-prepaid-cards-2023/,true,,unique-prefix
colony-ridge,2023-12-20,"Colony Ridge Development, LLC; Colony Ridge BV, LLC; Colony Ridge Land, LLC; and Loan Originator Services, LLC",,,"On December 11, 2023, the Bureau, together with the United States Department of Justice (DOJ), filed a complaint against land development companies Colony Ridge Development, LLC and Colony Ridge BV, LLC, affiliate mortgage company Colony Ridge Land, LLC (collectively, the Colony Ridge defendants), and loan origination company Loan Originator Services, LLC.",,,https://www.consumerfinance.gov/enforcement/actions/colony-ridge/,false,company-unresolved:no-match,no-match
stratfs-llc-fka-strategic-financial-solutions-llc-et-al,2024-01-10,"StratFS, LLC f/k/a Strategic Financial Solutions, LLC, et al.",,,"On January 10, 2024, the Bureau and seven state attorneys general filed a complaint and sought a temporary restraining order and preliminary injunction against StratFS, LLC f/k/a Strategic Financial Solutions, LLC, as well as its holding company Strategic Family, Inc.; various of its subsidiaries, and as individuals: SFS Chief Executive Officer Ryan Sasson, Jason Blust, Daniel Blumkin, and Albert Ian Behar.",,,https://www.consumerfinance.gov/enforcement/actions/stratfs-llc-fka-strategic-financial-solutions-llc-et-al/,false,company-unresolved:no-match,no-match
bloomtech-inc-and-austen-allred,2024-04-17,"BloomTech Inc., d/b/a Bloom Institute of Technology or BloomTech, f/k/a Lambda, Inc.; and Austen Allred",,,"On April 17, 2024, the Bureau issued an order against BloomTech, Inc., a for-profit vocational school that is also known as the Bloom Institute of Technology and was formerly known as the Lambda School, and Austen Allred, the company’s founder and CEO.",,,https://www.consumerfinance.gov/enforcement/actions/bloomtech-inc-and-austen-allred/,false,company-unresolved:no-match,no-match
pennsylvania-higher-education-assistance-agency-and-national-collegiate-student-loan-trusts,2024-05-06,"Pennsylvania Higher Education Assistance Agency, and National Collegiate Student Loan Trusts",,,"On May 6, 2024, the Consumer Financial Protection Bureau filed a complaint and two proposed stipulated final judgments to resolve the Bureau’s claims against the National Collegiate Student Loan Trusts (the Trusts) and the Pennsylvania Higher Education Assistance Agency d/b/a American Education Services (PHEAA), respectively.",,,https://www.consumerfinance.gov/enforcement/actions/pennsylvania-higher-education-assistance-agency-and-national-collegiate-student-loan-trusts/,false,company-unresolved:no-match,no-match
chime-financial-inc,2024-05-07,"Chime Financial, Inc.",chime-financial,,"On May 7, 2024, the Bureau issued an order against Chime Financial, Inc. (Chime), a financial-technology company that designed and services consumer banking accounts for two separate FDIC-insured “partner banks.” Chime is responsible for most customer service on the consumer accounts. When consumers’ checking and savings accounts are closed, in most instances, Chime automatically refunds remaining balances (over $1) by check. The Bureau found that Chime failed to refund consumers’ balances within 14 days in thousands of instances, including thousands of instances when Chime failed to issue consumer refunds within 90 days. Consumers who do not have access to funds in their bank accounts often are unable to pay for basic living expenses, like groceries, gas, and housing. To meet these needs, consumers likely have to use or search for alternate sources of funds, such as credit cards and payday loans, which can be expensive. The Bureau found that Chime’s conduct was unfair in violation of the Consumer Financial Protection Act of 2010. The order requires Chime to come into compliance, pay a $3.25 million civil money penalty, and pay at least $1.3 million in redress to consumers. CFPB Takes Action Against Chime Financial for Illegally Delaying Consumer Refunds",,,https://www.consumerfinance.gov/enforcement/actions/chime-financial-inc/,true,,exact
solo-funds,2024-05-17,"SoLo Funds, Inc.",solo-funds,,"On May 17, 2024, the Bureau filed a lawsuit against SoLo Funds, Inc. (SoLo), a fintech company that operates a nationwide website and mobile-application based peer-to-peer lending platform through which consumers can obtain small-dollar, short-term loans. The complaint, which the Bureau amended on August 20, 2024, alleged that SoLo’s conduct violated the Consumer Financial Protection Act of 2010 and the Fair Credit Reporting Act. On February 21, 2025, pursuant to a stipulated dismissal, the matter was voluntarily dismissed against all defendants with prejudice, and the case was terminated the same day. Amended Complaint (This version has been modified from the version that was submitted to the court in order to optimize the reading experience for individuals with disabilities. No text has been changed.)",,,https://www.consumerfinance.gov/enforcement/actions/solo-funds/,true,,exact
western-benefits-group-llc,2024-05-20,"Western Benefits Group, LLC",western-benefits-group,,"On May 20, 2024, the Bureau issued an order against Western Benefits Group, LLC, a telemarketer and seller of student-loan debt-relief services, headquartered in Pleasanton, California. The Bureau found that Western Benefits Group violated the Telemarketing Sales Rule (TSR) by charging advance fees for student-loan debt-relief services. The Bureau also found that Western Benefits Group violated the Consumer Financial Protection Act of 2010 (CFPA) and the TSR by using deceptive acts or practices in the marketing and sale of its services. Specifically, the Bureau found that Western Benefits Group misrepresented that it was endorsed, sponsored, or affiliated with the Department of Education; that fees paid by consumers would be applied towards paying off their student loans; and that its services would help consumers consolidate their student loans, would help lower consumers’ monthly student-loan payments, or would help consumers achieve loan forgiveness. The Bureau found that since 2016, Western Benefits Group’s practices caused approximately 5,970 consumers a total of approximately $974,590 in harm, reflecting the total fees they paid, less any refunds. The Bureau’s order requires Western Benefits Group to permanently cease all operations, voids agreements with consumers relating to student-loan debt-relief, and prohibits assessing or collecting fees under those agreements. The Bureau’s order also requires Western Benefits Group to pay a civil money penalty of $400,000 to the Bureau. CFPB Takes Action Against Western Benefits for Swindling Student Loan Borrowers",,,https://www.consumerfinance.gov/enforcement/actions/western-benefits-group-llc/,true,,exact
pennsylvania-higher-education-assistance-agency-pheaa-dba-american-education-services-or-aes,2024-05-31,Pennsylvania Higher Education Assistance Agency (PHEAA) d/b/a American Education Services or AES,,,"On May 31, 2024, the Bureau filed a lawsuit against the Pennsylvania Higher Education Assistance Agency (PHEAA), a student loan servicer and guaranty agency headquartered in Harrisburg, Pennsylvania, which does business as American Education Services or AES.",,,https://www.consumerfinance.gov/enforcement/actions/pennsylvania-higher-education-assistance-agency-pheaa-dba-american-education-services-or-aes/,false,company-unresolved:no-match,no-match
novad-management-consulting-llc,2024-06-18,"NOVAD Management Consulting, LLC",novad-management-consulting,,"On June 18, 2024, the Bureau issued an order against NOVAD Management Consulting, LLC (NOVAD). NOVAD ran a loan-servicing operation that serviced home equity conversion mortgages, or reverse mortgage loans, on behalf of the Department of Housing and Urban Development (HUD). The loans were designed to enable elderly homeowners to convert the equity in their homes to monthly streams of income or lines of credit, and borrowers were required to be 62 or older to qualify. NOVAD was responsible for servicing up to 150,000 reverse mortgage loans each year from September 2014 through 2022. The Bureau found that NOVAD sent borrowers repayment or “due and payable” letters that often falsely conveyed that their loans were in default and that the full amount of their loan was due. The Bureau also found that NOVAD failed to effectively service borrowers’ reverse mortgages, including by routinely failing to acknowledge, timely respond to, and substantively respond to borrowers’ time-sensitive information requests and error notices; failing to acknowledge, investigate, and correct servicing errors; and failing to engage in two-way communications with borrowers, including after sending repayment letters to borrowers. NOVAD’s conduct resulted in borrowers losing out on home sales, paying unnecessary costs, and fearing foreclosure. The Bureau found that such conduct violated the Consumer Financial Protection Act of 2010’s prohibition against unfair, deceptive, and abusive acts and practices, the Real Estate Settlement Procedures Act (RESPA), and RESPA’s implementing regulation, Regulation X. The order permanently bans NOVAD from reverse mortgage servicing and requires NOVAD to pay a $1 civil money penalty. The Bureau separately took action against Sutherland Global Services, Inc., Sutherland Mortgage Services, Inc., and Sutherland Government Solutions, Inc., in their role as a subcontractor to NOVAD in performing reverse-mortgage servicing under contracts with HUD. The order against Sutherland permanently bans Sutherland Global Services and Sutherland Government Solutions from reverse mortgage servicing and requires Sutherland Mortgage Services to develop a plan to come into compliance with the law before the company may engage in reverse mortgage servicing. The order also requires Sutherland to pay $11.5 million in consumer redress, to be administered by the Bureau, and a $5",,,https://www.consumerfinance.gov/enforcement/actions/novad-management-consulting-llc/,true,,exact
sutherland-global-services-inc,2024-06-18,"Sutherland Global Services, Inc., Sutherland Mortgage Services, Inc., and Sutherland Government Solutions, Inc.",,,"On June 18, 2024, the Bureau issued an order against Sutherland Global Services, Inc., Sutherland Mortgage Services, Inc., and Sutherland Government Solutions, Inc. Sutherland ran a loan-servicing operation that serviced home equity conversion mortgages, or reverse mortgage loans, on behalf of the Department of Housing and Urban Development (HUD)",,,https://www.consumerfinance.gov/enforcement/actions/sutherland-global-services-inc/,false,company-unresolved:no-match,no-match
fifth-third-bank-na-fpi-2024,2024-07-09,"Fifth Third Bank, N.A.",,,"On July 9, 2024, the Bureau issued an order against Fifth Third Bank, N.A., a national bank that, among other things, offers and services motor vehicle loans to consumers directly and through a variety of vehicle dealers.",,,https://www.consumerfinance.gov/enforcement/actions/fifth-third-bank-na-fpi-2024/,false,company-unresolved:no-match,no-match
acima-allred,2024-07-26,"Acima Holdings, LLC; Acima Digital, LLC; and Aaron Allred",acima-credit,,"On July 26, 2024, the Bureau filed a lawsuit against Acima Holdings, LLC and Acima Digital, LLC (collectively, “Acima”), and Acima’s founder and former CEO, Aaron Allred (“Allred”). Acima offers consumers nationwide a means to lease-to-own consumer goods at the point of purchase online and in stores. In the Bureau’s first amended complaint, filed on September 27, 2024, the Bureau alleged that Acima’s leases were credit, and that Acima and Allred violated the Consumer Financial Protection Act of 2010 (CFPA), that Allred substantially assisted Acima’s alleged violations of the CFPA, that Acima violated the Fair Credit Reporting Act (FCRA) and its implementing Regulation V, that Acima violated the Truth in Lending Act and its implementing Regulation Z, and that Acima violated the Electronic Fund Transfer Act and its implementing Regulation E. The Bureau also alleged in the alternative that, if Acima did not extend credit to consumers, Acima and Allred violated the CFPA and FCRA. On March 6, 2025, the Bureau filed a notice voluntarily dismissing the action with prejudice against all defendants, which the court docketed on March 7, 2025. Complaint (This version has been modified from the version that was submitted to the court in order to optimize the reading experience for individuals with disabilities. No text has been changed.) First Amended Complaint (This version has been modified from the version that was submitted to the court in order to optimize the reading experience for individuals with disabilities. No text has been changed.) CFPB Sues Rent-a-Center Affiliate Acima and Acima’s Founder Aaron Allred for Illegal Lending Practices",,,https://www.consumerfinance.gov/enforcement/actions/acima-allred/,true,,unique-prefix
fay-servicing-llc-2024,2024-08-21,"Fay Servicing, LLC",fay-servicing,,"On August 21, 2024, the Bureau issued an order against Fay Servicing, LLC, a residential mortgage servicer headquartered in Tampa, Florida. On June 7, 2017, the Bureau previously issued an order against Fay Servicing. In this action, the Bureau found that Fay Servicing violated the Bureau’s 2017 order, Regulation X, (which implements the Real Estate Settlement Procedures Act), the Homeowners Protection Act, Regulation Z (which implements the Truth in Lending Act), and the Consumer Financial Protection Act of 2010 (CFPA). The order required Fay Servicing to pay $3 million in consumer redress, a $2 million civil money penalty, and to invest $2 million to update its servicing technology and compliance management systems. It also imposed a number of injunctive provisions, including relating to its servicing technology and compliance management systems. On July 1, 2025, pursuant to its authority under 12 U.S.C. § 5563(b)(3), the Bureau terminated the order and waived any alleged noncompliance therewith. Fay Servicing fulfilled several obligations under the order, including, among other things, paying a civil money penalty of $2 million and paying $3 million to the Bureau for Bureau-administered consumer redress, which the Bureau will distribute to consumers consistent with the terms of the order. CFPB Takes Action Against Fay Servicing for Illegal Foreclosure Actions and Violating Law Enforcement Order",,,https://www.consumerfinance.gov/enforcement/actions/fay-servicing-llc-2024/,true,,exact
new-day-financial-2024,2024-08-29,"New Day Financial, LLC",,,"On August 29, 2024, the Bureau issued an order against New Day Financial, LLC (NewDay USA), a nonbank direct mortgage lender headquartered in West Palm Beach, Florida, specializing in offering refinance mortgage loans guaranteed by the United States Department of Veterans Affairs.",,,https://www.consumerfinance.gov/enforcement/actions/new-day-financial-2024/,false,company-unresolved:no-match,no-match
td-bank-na-furnishing-2024,2024-09-11,"TD Bank, N.A.",td-bank-us-holding,,"On September 11, 2024, the Bureau issued an order against TD Bank, N.A., a national bank headquartered in Cherry Hill, New Jersey. TD Bank furnishes credit information on consumer credit card accounts by sending monthly data files to consumer reporting agencies. TD Bank also furnishes consumer deposit account information to nationwide specialty consumer reporting agencies. The Bureau found that over several years TD Bank repeatedly furnished to consumer reporting agencies information containing numerous systemic errors and that it knew of many of these inaccuracies for a year or more before fixing them. In addition, the Bureau found that, for years, TD Bank failed to conduct reasonable and timely investigations of consumer disputes, including sometimes by not conducting any investigation at all. When TD Bank furnished inaccurate consumer information, it may have negatively affected consumers’ access to credit. Specifically, the Bureau found that with respect to its credit card accounts, TD Bank violated the Fair Credit Reporting Act (FCRA) and its implementing regulation, Regulation V, by failing to promptly correct and update information it furnished to consumer reporting agencies that it determined was not complete or accurate; failing to accurately report consumers’ participation in COVID-19 accommodations programs pursuant to the CARES Act; failing to provide the FCRA-required date of first delinquency on certain delinquent or charged-off accounts; failing to conduct reasonable and timely investigations of consumer disputes, including sometimes by not conducting any investigation at all; failing to properly notify consumers when deeming a dispute frivolous or irrelevant; and failing to establish and implement reasonable written policies and procedures regarding the information furnished to consumer reporting agencies. The Bureau also found that TD Bank’s failure to investigate consumer disputes and decision to divert resources away from investigating disputes took unreasonable advantage of the inability of consumers to protect their interest in accurate consumer reporting and was therefore abusive in violation of the Consumer Financial Protection Act of 2010. The Bureau further found that TD Bank violated FCRA and Regulation V with respect to consumer deposit accounts by failing to sufficiently maintain and implement written policies and procedures for f",,,https://www.consumerfinance.gov/enforcement/actions/td-bank-na-furnishing-2024/,true,,unique-prefix
reliant-holdings-inc-dba-horizon-card-services-and-robert-kane,2024-09-13,"Reliant Holdings, Inc. d/b/a Horizon Card Services; and Robert Kane",,,"On September 13, 2024, the Bureau filed a lawsuit against Reliant Holdings, Inc., d/b/a Horizon Card Services and Robert Kane, its sole shareholder, owner, and chief executive officer.",,,https://www.consumerfinance.gov/enforcement/actions/reliant-holdings-inc-dba-horizon-card-services-and-robert-kane/,false,company-unresolved:ambiguous,ambiguous
ejudicate-inc-dba-brief,2024-10-10,"Ejudicate, Inc., d/b/a Brief",,,"On October 10, 2024, the Bureau issued an order against Ejudicate, Inc., d/b/a Brief, a company based in Los Angeles, California.",,,https://www.consumerfinance.gov/enforcement/actions/ejudicate-inc-dba-brief/,false,company-unresolved:no-match,no-match
fairway-independent-mortgage-corporation,2024-10-15,Fairway Independent Mortgage Corporation,fairway-independent-mortgage,,"On October 15, 2024, the Bureau, together with the United States Department of Justice (DOJ), filed a complaint and proposed consent order to resolve their allegations against Fairway Independent Mortgage Corporation (Fairway). Fairway is incorporated in Texas and headquartered in Madison, Wisconsin. Fairway acquired mortgage company, MortgageBanc, in 2009, and since 2009, Fairway has operated in the Birmingham-Hoover, AL Metropolitan Statistical Area (Birmingham MSA) under the trade name MortgageBanc. The Bureau’s and DOJ’s joint complaint alleged that Fairway engaged in unlawful discrimination against applicants and prospective applicants, including by redlining majority-Black and high-Black areas in the Birmingham MSA and engaging in acts and practices directed at applicants and prospective applicants that would discourage a reasonable person from making or pursuing an application for credit on the basis of race or color in violation of the Equal Credit Opportunity Act, Regulation B, and the Consumer Financial Protection Act of 2010. DOJ also alleged that Fairway’s conduct violated the Fair Housing Act. On December 3, 2024, the court entered the consent order which requires Fairway to invest $7 million in a loan subsidy program under which Fairway must offer home purchase, refinance, and home improvement loans on a more affordable basis than otherwise available for certain residential properties located in majority-Black neighborhoods in the Birmingham MSA. Fairway must also open or acquire a new loan production office or full-service retail office in a majority-Black neighborhood in the Birmingham MSA. Fairway must also spend at least $500,000 on advertising and outreach, at least $250,000 on consumer education, at least $250,000 on partnerships with one or more community-based or governmental organizations, and take other remedial steps, to serve the credit needs of majority-Black neighborhoods in the Birmingham MSA. Fairway must also pay a civil money penalty of $1.9 million. Consent Order (This version has been modified from the version that was entered by the court in order to optimize the reading experience for individuals with disabilities. No text has been changed.) CFPB and Justice Department Take Action Against Fairway for Redlining Black Neighborhoods in Birmingham, Alabama",,,https://www.consumerfinance.gov/enforcement/actions/fairway-independent-mortgage-corporation/,true,,exact
climb-credit-inc-et-al,2024-10-17,"Climb Credit, Inc.; Climb Investco, LLC; Climb GS Loan Fund 2018-1, LLC; 1/0 Holdco LLC; and 1/0 Capital LLC",climb-credit,,"On October 17, 2024, the Bureau filed a lawsuit against Climb Credit, Inc.; its wholly owned subsidiary Climb Investco, LLC; its wholly owned sub-subsidiary Climb GS Loan Fund 2018-1, LLC; and the originators, initial owners, and initial operators of these entities, 1/0 Holdco LLC and 1/0 Capital LLC. 1/0 Holdco LLC and 1/0 Capital LLC are headquartered in New York and Climb Credit, Inc. was headquartered in New York during most of the time period relevant to this suit and continues to conduct a significant amount of its operations there. The Bureau alleged these entities (the Climb Enterprise) worked together in online student lending for short-term vocational programs at schools with whom Climb Credit, Inc. has partnered. The Bureau alleged the Climb Enterprise violated the Consumer Financial Protection Act of 2010 (CFPA) by engaging in abusive acts and practices in taking unreasonable advantage of consumers’ reliance on the Climb Enterprise’s representations as to the programs and schools; violated the CFPA through deceptive acts and practices regarding the Climb Enterprise’s vetting of schools and the outcomes for consumers who attended the schools; violated the Truth in Lending Act (TILA) and Regulation Z by failing to disclose finance charges on loan documents and annual percentage rates on advertisements; and violated TILA and Regulation Z by using the names, emblems, or logos of certain schools to imply that they endorsed Climb loans; and violated the CFPA by committing acts or practices in violation of TILA and Regulation Z. On December 6, 2024, the court entered a stipulated final judgment and order that imposes a $6,618,000 judgment for redress, which amount is suspended based on a demonstrated inability to pay, and also requires the defendants to pay $950,000 million in civil money penalties. The order also, among other requirements, prohibits the defendants from making representations in connection with consumer financial products about outcomes by graduates, or that defendants evaluate or vet the quality or outcomes, of educational programs. The stipulated final judgment and order also requires the defendants to clearly and prominently disclose in all consumer-facing marketing materials that consumers should not rely on the defendants to identify quality educational schools and programs. Complaint (This version has been modified from the versio",,,https://www.consumerfinance.gov/enforcement/actions/climb-credit-inc-et-al/,true,,exact
apple-inc,2024-10-23,Apple Inc.,,,"On October 23, 2024, the Bureau issued an order against Apple Inc.",,,https://www.consumerfinance.gov/enforcement/actions/apple-inc/,false,company-unresolved:ambiguous,ambiguous
goldman-sachs-bank-usa,2024-10-23,Goldman Sachs Bank USA,goldman-sachs-bank-usa,,"On October 23, 2024, the Bureau issued an order against Goldman Sachs Bank USA (Goldman). In December 2017, Goldman and Apple Inc. entered an agreement to offer Apple Card, a credit card integrated with Apple software that offers both market-rate APRs and interest-free financing for qualifying Apple products. Goldman agreed to extend the credit offered through Apple Card and to investigate disputes submitted by consumers. Apple designed the consumer-facing interfaces that consumers used to manage Apple Card accounts on Apple devices and developed the creative approach and design of Apple Card advertisements. Despite warnings to Goldman’s board on August 16, 2019 that the Apple Card disputes system was “not fully ready” due to technological issues, Goldman and Apple introduced the Apple card four days later on August 20, 2019. The Bureau found that Goldman violated the Truth in Lending Act and Regulation Z by failing to send acknowledgement notices and resolution letters within the required periods; making adverse reports to consumer reporting agencies regarding amounts disputed in billing error notices prior to completing the requirements for billing error resolution; failing to conduct reasonable investigations for disputes that qualified as billing error notices; and holding consumers liable for amounts at issue in claims of unauthorized use before conducting a reasonable investigation. The Bureau also found that Goldman violated the Consumer Financial Protection Act of 2010 by engaging in unfair acts or practices through its delay in resolving transaction disputes. Separately, in December 2019, Goldman and Apple introduced Apple Card Monthly Installments (ACMI), which allowed Apple Card users to finance the purchase of certain Apple devices directly from Apple through the payment of interest-free monthly installments. The Bureau found that Goldman engaged in deceptive acts or practices by misleading consumers to expect that purchases of Apple devices would automatically be enrolled in ACMI, and by misleading consumers enrolled in ACMI about the application of refunds to Apple Card accounts with both ACMI and non-ACMI balances. The order requires Goldman to pay $19.8 million in redress to consumers and a $45 million civil money penalty and to come into compliance with the law. The Bureau separately took action against Apple for its role in marketing and se",,,https://www.consumerfinance.gov/enforcement/actions/goldman-sachs-bank-usa/,true,,exact
vystar-credit-union,2024-10-31,VyStar Credit Union,vystar-credit-union,,"On October 31, 2024, the Bureau issued an order against VyStar Credit Union (VyStar), a Jacksonville, Florida based credit union with approximately 850,000 members with deposit accounts. VyStar membership is open to, among others, those living or working in the 49 contiguous counties of Central to North Florida, 29 Georgia counties, and past and present military members and their families. In May 2022, VyStar attempted to launch a new online and mobile banking platform with a new provider. The Bureau found that VyStar’s planning and implementation of the conversion violated the Consumer Financial Protection Act of 2010. The order required VyStar to come into compliance with the law, establish a governance committee to ensure proper management of projects involving consumer facing banking systems, ensure that all consumers owed redress have been paid, and pay a $1.5 million civil money penalty. On July 21, 2025, pursuant to its authority under 12 U.S.C. § 5563(b)(3), the Bureau terminated the order and waived any alleged non-compliance therewith. VyStar fulfilled certain obligations under the order, including, among other things, paying a civil money penalty of $1,500,000 to the Bureau and taking steps to conduct an audit to verify that all fees and costs described in Paragraph 50(d) of the order were refunded to members who submitted requests. CFPB Orders VyStar Credit Union to Pay $1.5 Million for Illegally Stranding Consumers from Accessing Their Money and Accounts",,,https://www.consumerfinance.gov/enforcement/actions/vystar-credit-union/,true,,exact
navy-federal-credit-union-overdraft-2024,2024-11-07,Navy Federal Credit Union,navy-federal-credit-union,,"On November 7, 2024, the Bureau issued an order against Navy Federal Credit Union, headquartered in Vienna, Virginia. On July 1, 2025, pursuant to its authority under 12 U.S.C. § 5563(b)(3), the Bureau terminated the order and waived any alleged non-compliance therewith. CFPB Orders Navy Federal Credit Union to Pay More Than $95 Million for Illegal Surprise Overdraft Fees",,,https://www.consumerfinance.gov/enforcement/actions/navy-federal-credit-union-overdraft-2024/,true,,exact
global-tel-link-corp-et-al,2024-11-14,"Global Tel Link Corporation d/b/a ViaPath Technologies; Telmate, LLC d/b/a ViaPath Technologies; and TouchPay Holdings, LLC d/b/a GTL Financial Services",,,"On November 14, 2024, the Bureau issued an order against Global Tel Link Corporation, d/b/a ViaPath Technologies, and its subsidiaries Telmate, LLC, d/b/a ViaPath Technologies, and TouchPay Holdings, LLC, d/b/a GTL Financial Services.",,,https://www.consumerfinance.gov/enforcement/actions/global-tel-link-corp-et-al/,false,company-unresolved:no-match,no-match
comerica-bank,2024-12-06,Comerica Bank,,,"On December 6, 2024, the Bureau filed a complaint against Comerica Bank. Comerica is a Texas banking association headquartered in Dallas, Texas, and is a subsidiary of Comerica Incorporated, one of the largest banking associations in the country.",,,https://www.consumerfinance.gov/enforcement/actions/comerica-bank/,false,company-unresolved:no-match,no-match
performant-recovery-inc,2024-12-09,"Performant Recovery, Inc.",performant-recovery,,"On December 9, 2024, the Bureau issued an order against Performant Recovery, Inc., to address its unlawful collection activities involving student-loan borrowers who were attempting to bring their student loans out of default.",,,https://www.consumerfinance.gov/enforcement/actions/performant-recovery-inc/,false,no-narrative-complaints,exact
early-warning-services-llc-bank-of-america-na-jpmorgan-chase-bank-na-wells-fargo-bank-na,2024-12-20,"Early Warning Services, LLC; Bank of America, N.A.; JPMorgan Chase Bank, N.A.; Wells Fargo Bank, N.A",early-warning-services,,"On December 20, 2024, the Bureau filed a lawsuit against Early Warning Services, LLC, Bank of America, N.A., JPMorgan Chase Bank, N.A., and Wells Fargo Bank, N.A. The Bureau alleged that the defendants violated the Consumer Financial Protection Act of 2010’s prohibition on unfair acts or practices, and that the banks violated the Electronic Fund Transfer Act and its implementing Regulation E. On March 4, 2025, the Bureau filed a notice voluntarily dismissing the action against all defendants with prejudice, and on March 5, 2025, the court dismissed the case with prejudice. CFPB Sues JPMorgan Chase, Bank of America, and Wells Fargo for Allowing Fraud to Fester on Zelle",,,https://www.consumerfinance.gov/enforcement/actions/early-warning-services-llc-bank-of-america-na-jpmorgan-chase-bank-na-wells-fargo-bank-na/,true,,exact
walmart-inc-and-branch-messenger-inc,2024-12-23,"Walmart Inc., and Branch Messenger, Inc.",branch-messenger,,"On December 23, 2024, the Bureau filed a complaint against Walmart Inc. and Branch Messenger, Inc., a financial technology company. The Bureau alleged that defendants engaged in unfair, abusive, and deceptive practices in violation of the Consumer Financial Protection Act of 2010, and that Branch also violated the Truth in Savings Act, its implementing Regulation DD, the Electronic Fund Transfer Act, and its implementing Regulation E. On May 13, 2025, the Bureau filed a notice voluntarily dismissing the action against the defendant with prejudice, and the case was closed the same day. CFPB Sues Walmart and Branch Messenger for Illegally Opening Deposit Accounts for More Than One Million Delivery Drivers",,,https://www.consumerfinance.gov/enforcement/actions/walmart-inc-and-branch-messenger-inc/,true,,exact
rocket-homes-real-estate-llc-et-al,2024-12-23,"Rocket Homes Real Estate LLC, dba Rocket Homes; JMG Holding Partners LLC, dba The Jason Mitchell Group; 45 real estate brokerage affiliates; and Jason Mitchell",,,"On December 23, 2024, the Bureau filed a lawsuit against Rocket Homes Real Estate, LLC, doing business as Rocket Homes, JMG Holding Partners LLC, doing business as The Jason Mitchell Group, 45 of its affiliates (collectively, The Mitchell Group), and Jason Mitchell, the majority owner and Chief Executive Officer of The Mitchell Group.",,,https://www.consumerfinance.gov/enforcement/actions/rocket-homes-real-estate-llc-et-al/,false,company-unresolved:no-match,no-match
